,datachange_notifications,period,queuesize,change_int
0,12755900,10.0,1.0,10.0
1,12166200,10.0,1.0,10.0
2,13011800,10.0,1.0,10.0
3,12841800,10.0,1.0,10.0
4,13292100,10.0,1.0,10.0
5,12233800,10.0,1.0,10.0
6,12318100,10.0,1.0,10.0
7,12977100,10.0,1.0,10.0
8,13091500,10.0,1.0,10.0
9,12129200,10.0,1.0,10.0
10,12386600,10.0,1.0,10.0
11,13028900,10.0,1.0,10.0
12,12939900,10.0,1.0,10.0
13,13864000,10.0,1.0,10.0
14,12553000,10.0,1.0,10.0
15,11960100,10.0,1.0,10.0
16,12915600,10.0,1.0,10.0
17,13961900,10.0,1.0,10.0
18,12219900,10.0,1.0,10.0
19,13122900,10.0,1.0,10.0
20,11984300,10.0,1.0,10.0
21,13133200,10.0,1.0,10.0
22,12449000,10.0,1.0,10.0
23,12285100,10.0,1.0,10.0
24,11914500,10.0,1.0,10.0
25,13702500,10.0,1.0,10.0
26,12289100,10.0,1.0,10.0
27,12353800,10.0,1.0,10.0
28,12186600,10.0,1.0,10.0
29,12832700,10.0,1.0,10.0
30,12212500,10.0,1.0,10.0
31,13155200,10.0,1.0,10.0
32,13176400,10.0,1.0,10.0
33,12796600,10.0,1.0,10.0
34,13863900,10.0,1.0,10.0
35,11998900,10.0,1.0,10.0
36,13010400,10.0,1.0,10.0
37,12945200,10.0,1.0,10.0
38,13407100,10.0,1.0,10.0
39,12169100,10.0,1.0,10.0
40,12803600,10.0,1.0,10.0
41,12022900,10.0,1.0,10.0
42,13328500,10.0,1.0,10.0
43,12112300,10.0,1.0,10.0
44,12930500,10.0,1.0,10.0
45,12878100,10.0,1.0,10.0
46,12883900,10.0,1.0,10.0
47,15094500,10.0,1.0,10.0
48,11451600,10.0,1.0,10.0
49,11999700,10.0,1.0,10.0
50,14081700,10.0,1.0,10.0
51,14149100,10.0,1.0,10.0
52,12160200,10.0,1.0,10.0
53,14441500,10.0,1.0,10.0
54,13777100,10.0,1.0,10.0
55,12967100,10.0,1.0,10.0
56,13966400,10.0,1.0,10.0
57,14132900,10.0,1.0,10.0
58,12152700,10.0,1.0,10.0
59,13205500,10.0,1.0,10.0
60,12529600,10.0,1.0,10.0
61,13999400,10.0,1.0,10.0
62,12792000,10.0,1.0,10.0
63,12982800,10.0,1.0,10.0
64,12498100,10.0,1.0,10.0
65,12470900,10.0,1.0,10.0
66,12563000,10.0,1.0,10.0
67,13256900,10.0,1.0,10.0
68,12558900,10.0,1.0,10.0
69,12365300,10.0,1.0,10.0
70,12645300,10.0,1.0,10.0
71,12265100,10.0,1.0,10.0
72,12445900,10.0,1.0,10.0
73,12251000,10.0,1.0,10.0
74,14138500,10.0,1.0,10.0
75,11524700,10.0,1.0,10.0
76,12299900,10.0,1.0,10.0
77,12698100,10.0,1.0,10.0
78,13513700,10.0,1.0,10.0
79,11480500,10.0,1.0,10.0
80,12183200,10.0,1.0,10.0
81,13134200,10.0,1.0,10.0
82,13284200,10.0,1.0,10.0
83,11496000,10.0,1.0,10.0
84,12883300,10.0,1.0,10.0
85,12502900,10.0,1.0,10.0
86,13740100,10.0,1.0,10.0
87,11233000,10.0,1.0,10.0
88,13347600,10.0,1.0,10.0
89,12004500,10.0,1.0,10.0
90,13995900,10.0,1.0,10.0
91,12471200,10.0,1.0,10.0
92,13793400,10.0,1.0,10.0
93,11543400,10.0,1.0,10.0
94,12640800,10.0,1.0,10.0
95,12273300,10.0,1.0,10.0
96,12525600,10.0,1.0,10.0
97,12271000,10.0,1.0,10.0
98,13119000,10.0,1.0,10.0
99,12218500,10.0,1.0,10.0
100,12549000,10.0,1.0,10.0
101,11922800,10.0,1.0,10.0
102,13738300,10.0,1.0,10.0
103,12884200,10.0,1.0,10.0
104,11915000,10.0,1.0,10.0
105,12398900,10.0,1.0,10.0
106,13607800,10.0,1.0,10.0
107,11392500,10.0,1.0,10.0
108,13179200,10.0,1.0,10.0
109,12535900,10.0,1.0,10.0
110,13123300,10.0,1.0,10.0
111,17232400,10.0,1.0,10.0
112,7785200,10.0,1.0,10.0
113,12895000,10.0,1.0,10.0
114,12612200,10.0,1.0,10.0
115,14465700,10.0,1.0,10.0
116,10559100,10.0,1.0,10.0
117,12768500,10.0,1.0,10.0
118,12695800,10.0,1.0,10.0
119,13976600,10.0,1.0,10.0
120,11331800,10.0,1.0,10.0
121,13029000,10.0,1.0,10.0
122,11539700,10.0,1.0,10.0
123,13728300,10.0,1.0,10.0
124,11768700,10.0,1.0,10.0
125,12936600,10.0,1.0,10.0
126,12663900,10.0,1.0,10.0
127,13567100,10.0,1.0,10.0
128,12331300,10.0,1.0,10.0
129,12219100,10.0,1.0,10.0
130,13200400,10.0,1.0,10.0
131,12769300,10.0,1.0,10.0
132,12258400,10.0,1.0,10.0
133,12713100,10.0,1.0,10.0
134,12665200,10.0,1.0,10.0
135,12446600,10.0,1.0,10.0
136,11940300,10.0,1.0,10.0
137,13326300,10.0,1.0,10.0
138,13163400,10.0,1.0,10.0
139,12053500,10.0,1.0,10.0
140,14123000,10.0,1.0,10.0
141,11355200,10.0,1.0,10.0
142,13252300,10.0,1.0,10.0
143,12063300,10.0,1.0,10.0
144,13914600,10.0,1.0,10.0
145,11875300,10.0,1.0,10.0
146,13329900,10.0,1.0,10.0
147,11829900,10.0,1.0,10.0
148,13921900,10.0,1.0,10.0
149,12450200,10.0,1.0,10.0
150,12313500,10.0,1.0,10.0
151,11702700,10.0,1.0,10.0
152,13877500,10.0,1.0,10.0
153,13368100,10.0,1.0,10.0
154,11651600,10.0,1.0,10.0
155,13141200,10.0,1.0,10.0
156,12105700,10.0,1.0,10.0
157,14214100,10.0,1.0,10.0
158,11636100,10.0,1.0,10.0
159,12507000,10.0,1.0,10.0
160,11849300,10.0,1.0,10.0
161,13268200,10.0,1.0,10.0
162,12845800,10.0,1.0,10.0
163,12189700,10.0,1.0,10.0
164,11829900,10.0,1.0,10.0
165,13370200,10.0,1.0,10.0
166,12010300,10.0,1.0,10.0
167,12067300,10.0,1.0,10.0
168,12097400,10.0,1.0,10.0
169,12777100,10.0,1.0,10.0
170,13152100,10.0,1.0,10.0
171,13757400,10.0,1.0,10.0
172,13926500,10.0,1.0,10.0
173,12604600,10.0,1.0,10.0
174,15703000,10.0,1.0,10.0
175,11152100,10.0,1.0,10.0
176,13854900,10.0,1.0,10.0
177,12972300,10.0,1.0,10.0
178,13369300,10.0,1.0,10.0
179,12074800,10.0,1.0,10.0
180,12455200,10.0,1.0,10.0
181,12120500,10.0,1.0,10.0
182,13037900,10.0,1.0,10.0
183,11995400,10.0,1.0,10.0
184,13011000,10.0,1.0,10.0
185,12947500,10.0,1.0,10.0
186,12721300,10.0,1.0,10.0
187,12389300,10.0,1.0,10.0
188,11883500,10.0,1.0,10.0
189,13182600,10.0,1.0,10.0
190,13304400,10.0,1.0,10.0
191,11018400,10.0,1.0,10.0
192,13231300,10.0,1.0,10.0
193,12868200,10.0,1.0,10.0
194,12822200,10.0,1.0,10.0
195,14317400,10.0,1.0,10.0
196,11497300,10.0,1.0,10.0
197,11715200,10.0,1.0,10.0
198,12657000,10.0,1.0,10.0
199,13982200,10.0,1.0,10.0
200,12286000,10.0,1.0,10.0
201,13083800,10.0,1.0,10.0
202,12133300,10.0,1.0,10.0
203,14059000,10.0,1.0,10.0
204,12336300,10.0,1.0,10.0
205,12127700,10.0,1.0,10.0
206,13152100,10.0,1.0,10.0
207,13091700,10.0,1.0,10.0
208,12861400,10.0,1.0,10.0
209,12034200,10.0,1.0,10.0
210,13139000,10.0,1.0,10.0
211,12943600,10.0,1.0,10.0
212,13402800,10.0,1.0,10.0
213,11602100,10.0,1.0,10.0
214,13394900,10.0,1.0,10.0
215,11909900,10.0,1.0,10.0
216,13952000,10.0,1.0,10.0
217,12123500,10.0,1.0,10.0
218,12221100,10.0,1.0,10.0
219,12994600,10.0,1.0,10.0
220,13092800,10.0,1.0,10.0
221,12444700,10.0,1.0,10.0
222,11995300,10.0,1.0,10.0
223,13190300,10.0,1.0,10.0
224,13905500,10.0,1.0,10.0
225,13301400,10.0,1.0,10.0
226,12015300,10.0,1.0,10.0
227,13051900,10.0,1.0,10.0
228,12804200,10.0,1.0,10.0
229,14361400,10.0,1.0,10.0
230,11140700,10.0,1.0,10.0
231,13222200,10.0,1.0,10.0
232,13758000,10.0,1.0,10.0
233,12828500,10.0,1.0,10.0
234,14467600,10.0,1.0,10.0
235,12513600,10.0,1.0,10.0
236,13685600,10.0,1.0,10.0
237,13713900,10.0,1.0,10.0
238,13389200,10.0,1.0,10.0
239,15780400,10.0,1.0,10.0
240,11743800,10.0,1.0,10.0
241,12729200,10.0,1.0,10.0
242,11999300,10.0,1.0,10.0
243,12693900,10.0,1.0,10.0
244,11674600,10.0,1.0,10.0
245,12853000,10.0,1.0,10.0
246,13489100,10.0,1.0,10.0
247,12366900,10.0,1.0,10.0
248,12101700,10.0,1.0,10.0
249,12051800,10.0,1.0,10.0
250,13177800,10.0,1.0,10.0
251,12750600,10.0,1.0,10.0
252,12150200,10.0,1.0,10.0
253,11890500,10.0,1.0,10.0
254,13073400,10.0,1.0,10.0
255,12922300,10.0,1.0,10.0
256,12095100,10.0,1.0,10.0
257,12179400,10.0,1.0,10.0
258,12935800,10.0,1.0,10.0
259,13637100,10.0,1.0,10.0
260,14422900,10.0,1.0,10.0
261,10370500,10.0,1.0,10.0
262,13274300,10.0,1.0,10.0
263,12562700,10.0,1.0,10.0
264,13494000,10.0,1.0,10.0
265,11399100,10.0,1.0,10.0
266,12151900,10.0,1.0,10.0
267,12188700,10.0,1.0,10.0
268,13467200,10.0,1.0,10.0
269,11747100,10.0,1.0,10.0
270,13023200,10.0,1.0,10.0
271,13053200,10.0,1.0,10.0
272,14290700,10.0,1.0,10.0
273,11234400,10.0,1.0,10.0
274,13066900,10.0,1.0,10.0
275,13166200,10.0,1.0,10.0
276,13522000,10.0,1.0,10.0
277,11161600,10.0,1.0,10.0
278,13150500,10.0,1.0,10.0
279,12934400,10.0,1.0,10.0
280,12808900,10.0,1.0,10.0
281,13260400,10.0,1.0,10.0
282,12893700,10.0,1.0,10.0
283,11972600,10.0,1.0,10.0
284,12768200,10.0,1.0,10.0
285,14453900,10.0,1.0,10.0
286,10780900,10.0,1.0,10.0
287,12951400,10.0,1.0,10.0
288,12988400,10.0,1.0,10.0
289,13556700,10.0,1.0,10.0
290,11030300,10.0,1.0,10.0
291,13180200,10.0,1.0,10.0
292,13195000,10.0,1.0,10.0
293,13644100,10.0,1.0,10.0
294,11262500,10.0,1.0,10.0
295,13947400,10.0,1.0,10.0
296,12872100,10.0,1.0,10.0
297,14065600,10.0,1.0,10.0
298,14456100,10.0,1.0,10.0
299,14840300,10.0,1.0,10.0
300,12781800,10.0,1.0,10.0
301,13339100,10.0,1.0,10.0
302,13469500,10.0,1.0,10.0
303,12897800,10.0,1.0,10.0
304,12859000,10.0,1.0,10.0
305,12599900,10.0,1.0,10.0
306,12675400,10.0,1.0,10.0
307,12048300,10.0,1.0,10.0
308,13083500,10.0,1.0,10.0
309,12065500,10.0,1.0,10.0
310,12622700,10.0,1.0,10.0
311,12913000,10.0,1.0,10.0
312,13876700,10.0,1.0,10.0
313,10954000,10.0,1.0,10.0
314,12231500,10.0,1.0,10.0
315,12709800,10.0,1.0,10.0
316,14149300,10.0,1.0,10.0
317,10476500,10.0,1.0,10.0
318,12288500,10.0,1.0,10.0
319,12375200,10.0,1.0,10.0
320,12120300,10.0,1.0,10.0
321,12540200,10.0,1.0,10.0
322,12218900,10.0,1.0,10.0
323,13198300,10.0,1.0,10.0
324,11355200,10.0,1.0,10.0
325,12774100,10.0,1.0,10.0
326,12377600,10.0,1.0,10.0
327,12914000,10.0,1.0,10.0
328,12536000,10.0,1.0,10.0
329,13158600,10.0,1.0,10.0
330,12656500,10.0,1.0,10.0
331,13139000,10.0,1.0,10.0
332,14314100,10.0,1.0,10.0
333,9985400,10.0,1.0,10.0
334,13465100,10.0,1.0,10.0
335,12310100,10.0,1.0,10.0
336,13806500,10.0,1.0,10.0
337,11563000,10.0,1.0,10.0
338,12599400,10.0,1.0,10.0
339,12365500,10.0,1.0,10.0
340,14082200,10.0,1.0,10.0
341,11557500,10.0,1.0,10.0
342,12925300,10.0,1.0,10.0
343,13538700,10.0,1.0,10.0
344,12318200,10.0,1.0,10.0
345,12057400,10.0,1.0,10.0
346,13087600,10.0,1.0,10.0
347,12811300,10.0,1.0,10.0
348,13309600,10.0,1.0,10.0
349,12270600,10.0,1.0,10.0
350,13395100,10.0,1.0,10.0
351,13203200,10.0,1.0,10.0
352,12204400,10.0,1.0,10.0
353,14221200,10.0,1.0,10.0
354,10380600,10.0,1.0,10.0
355,12960700,10.0,1.0,10.0
356,13003300,10.0,1.0,10.0
357,13975800,10.0,1.0,10.0
358,11724700,10.0,1.0,10.0
359,12844200,10.0,1.0,10.0
360,13279400,10.0,1.0,10.0
361,14218800,10.0,1.0,10.0
362,14107100,10.0,1.0,10.0
363,13302100,10.0,1.0,10.0
364,12186800,10.0,1.0,10.0
365,13852900,10.0,1.0,10.0
366,14753000,10.0,1.0,10.0
367,13315800,10.0,1.0,10.0
368,10880700,10.0,1.0,10.0
369,13194300,10.0,1.0,10.0
370,13074900,10.0,1.0,10.0
371,13957400,10.0,1.0,10.0
372,11256900,10.0,1.0,10.0
373,12147700,10.0,1.0,10.0
374,13076900,10.0,1.0,10.0
375,13342400,10.0,1.0,10.0
376,11812700,10.0,1.0,10.0
377,13428400,10.0,1.0,10.0
378,11619400,10.0,1.0,10.0
379,13220500,10.0,1.0,10.0
380,12134600,10.0,1.0,10.0
381,11787600,10.0,1.0,10.0
382,13142600,10.0,1.0,10.0
383,13044500,10.0,1.0,10.0
384,15280100,10.0,1.0,10.0
385,10259800,10.0,1.0,10.0
386,13148500,10.0,1.0,10.0
387,13291300,10.0,1.0,10.0
388,13239900,10.0,1.0,10.0
389,11608500,10.0,1.0,10.0
390,13363200,10.0,1.0,10.0
391,12446600,10.0,1.0,10.0
392,13120100,10.0,1.0,10.0
393,11501100,10.0,1.0,10.0
394,12081200,10.0,1.0,10.0
395,13012100,10.0,1.0,10.0
396,13746600,10.0,1.0,10.0
397,12476800,10.0,1.0,10.0
398,11943400,10.0,1.0,10.0
399,13099900,10.0,1.0,10.0
400,12657100,10.0,1.0,10.0
401,12517600,10.0,1.0,10.0
402,12098500,10.0,1.0,10.0
403,12891100,10.0,1.0,10.0
404,13216600,10.0,1.0,10.0
405,12559400,10.0,1.0,10.0
406,12369400,10.0,1.0,10.0
407,12847500,10.0,1.0,10.0
408,13148800,10.0,1.0,10.0
409,12364300,10.0,1.0,10.0
410,12306900,10.0,1.0,10.0
411,12972500,10.0,1.0,10.0
412,12794700,10.0,1.0,10.0
413,13986900,10.0,1.0,10.0
414,11878300,10.0,1.0,10.0
415,12794400,10.0,1.0,10.0
416,13028000,10.0,1.0,10.0
417,12898600,10.0,1.0,10.0
418,12175600,10.0,1.0,10.0
419,13027300,10.0,1.0,10.0
420,13147800,10.0,1.0,10.0
421,13443300,10.0,1.0,10.0
422,13912400,10.0,1.0,10.0
423,12413800,10.0,1.0,10.0
424,13242200,10.0,1.0,10.0
425,13767700,10.0,1.0,10.0
426,13550000,10.0,1.0,10.0
427,14786400,10.0,1.0,10.0
428,12802200,10.0,1.0,10.0
429,13723800,10.0,1.0,10.0
430,12955800,10.0,1.0,10.0
431,13431500,10.0,1.0,10.0
432,13094800,10.0,1.0,10.0
433,11552600,10.0,1.0,10.0
434,12981300,10.0,1.0,10.0
435,13441500,10.0,1.0,10.0
436,12862500,10.0,1.0,10.0
437,12125600,10.0,1.0,10.0
438,13136500,10.0,1.0,10.0
439,12604000,10.0,1.0,10.0
440,13624000,10.0,1.0,10.0
441,12853700,10.0,1.0,10.0
442,12042500,10.0,1.0,10.0
443,13349800,10.0,1.0,10.0
444,11591300,10.0,1.0,10.0
445,13973300,10.0,1.0,10.0
446,12750200,10.0,1.0,10.0
447,11845200,10.0,1.0,10.0
448,13402300,10.0,1.0,10.0
449,13024000,10.0,1.0,10.0
450,10877700,10.0,1.0,10.0
451,13851900,10.0,1.0,10.0
452,12308000,10.0,1.0,10.0
453,13000100,10.0,1.0,10.0
454,11252900,10.0,1.0,10.0
455,13093700,10.0,1.0,10.0
456,13298000,10.0,1.0,10.0
457,13363500,10.0,1.0,10.0
458,12319600,10.0,1.0,10.0
459,12681300,10.0,1.0,10.0
460,11852700,10.0,1.0,10.0
461,13584300,10.0,1.0,10.0
462,12443000,10.0,1.0,10.0
463,12755300,10.0,1.0,10.0
464,11783200,10.0,1.0,10.0
465,13073300,10.0,1.0,10.0
466,11785400,10.0,1.0,10.0
467,13277100,10.0,1.0,10.0
468,12888800,10.0,1.0,10.0
469,12592800,10.0,1.0,10.0
470,13312600,10.0,1.0,10.0
471,12403800,10.0,1.0,10.0
472,12005500,10.0,1.0,10.0
473,13540300,10.0,1.0,10.0
474,12339300,10.0,1.0,10.0
475,11994600,10.0,1.0,10.0
476,12833600,10.0,1.0,10.0
477,14087300,10.0,1.0,10.0
478,12340700,10.0,1.0,10.0
479,12799800,10.0,1.0,10.0
480,12462400,10.0,1.0,10.0
481,12208000,10.0,1.0,10.0
482,13909400,10.0,1.0,10.0
483,10981700,10.0,1.0,10.0
484,13134300,10.0,1.0,10.0
485,12741400,10.0,1.0,10.0
486,13465600,10.0,1.0,10.0
487,13955600,10.0,1.0,10.0
488,12994800,10.0,1.0,10.0
489,12597200,10.0,1.0,10.0
490,13242900,10.0,1.0,10.0
491,14195000,10.0,1.0,10.0
492,13732700,10.0,1.0,10.0
493,12028900,10.0,1.0,10.0
494,13168200,10.0,1.0,10.0
495,11692000,10.0,1.0,10.0
496,13375000,10.0,1.0,10.0
497,12186100,10.0,1.0,10.0
498,12897100,10.0,1.0,10.0
499,13284000,10.0,1.0,10.0
500,12271000,10.0,1.0,10.0
501,12606200,10.0,1.0,10.0
502,12253600,10.0,1.0,10.0
503,12373700,10.0,1.0,10.0
504,13184000,10.0,1.0,10.0
505,11168400,10.0,1.0,10.0
506,13121600,10.0,1.0,10.0
507,13488900,10.0,1.0,10.0
508,12640100,10.0,1.0,10.0
509,12514500,10.0,1.0,10.0
510,12789300,10.0,1.0,10.0
511,11557900,10.0,1.0,10.0
512,13740900,10.0,1.0,10.0
513,12246000,10.0,1.0,10.0
514,12534000,10.0,1.0,10.0
515,11951800,10.0,1.0,10.0
516,13910400,10.0,1.0,10.0
517,11318400,10.0,1.0,10.0
518,12151900,10.0,1.0,10.0
519,12757800,10.0,1.0,10.0
520,13971200,10.0,1.0,10.0
521,11378500,10.0,1.0,10.0
522,12277000,10.0,1.0,10.0
523,12610400,10.0,1.0,10.0
524,13971900,10.0,1.0,10.0
525,12324000,10.0,1.0,10.0
526,12609500,10.0,1.0,10.0
527,13036100,10.0,1.0,10.0
528,16131500,10.0,1.0,10.0
529,10452400,10.0,1.0,10.0
530,12244000,10.0,1.0,10.0
531,13789300,10.0,1.0,10.0
532,13101500,10.0,1.0,10.0
533,13855600,10.0,1.0,10.0
534,13826300,10.0,1.0,10.0
535,11092200,10.0,1.0,10.0
536,13135100,10.0,1.0,10.0
537,13240400,10.0,1.0,10.0
538,13439500,10.0,1.0,10.0
539,11655200,10.0,1.0,10.0
540,12433500,10.0,1.0,10.0
541,12062900,10.0,1.0,10.0
542,15199500,10.0,1.0,10.0
543,11068500,10.0,1.0,10.0
544,12153400,10.0,1.0,10.0
545,12630300,10.0,1.0,10.0
546,13253500,10.0,1.0,10.0
547,11973200,10.0,1.0,10.0
548,12526000,10.0,1.0,10.0
549,13481200,10.0,1.0,10.0
550,14285000,10.0,1.0,10.0
551,13259500,10.0,1.0,10.0
552,13076600,10.0,1.0,10.0
553,13013400,10.0,1.0,10.0
554,13296300,10.0,1.0,10.0
555,13670400,10.0,1.0,10.0
556,14580900,10.0,1.0,10.0
557,13022400,10.0,1.0,10.0
558,12727700,10.0,1.0,10.0
559,13215100,10.0,1.0,10.0
560,13153100,10.0,1.0,10.0
561,15426700,10.0,1.0,10.0
562,11699000,10.0,1.0,10.0
563,12339300,10.0,1.0,10.0
564,13334500,10.0,1.0,10.0
565,13014700,10.0,1.0,10.0
566,13791200,10.0,1.0,10.0
567,10754900,10.0,1.0,10.0
568,13121000,10.0,1.0,10.0
569,14025400,10.0,1.0,10.0
570,12817500,10.0,1.0,10.0
571,11511600,10.0,1.0,10.0
572,13426400,10.0,1.0,10.0
573,11876700,10.0,1.0,10.0
574,13917300,10.0,1.0,10.0
575,12746200,10.0,1.0,10.0
576,12472000,10.0,1.0,10.0
577,13585100,10.0,1.0,10.0
578,12462200,10.0,1.0,10.0
579,12408500,10.0,1.0,10.0
580,12455400,10.0,1.0,10.0
581,13063600,10.0,1.0,10.0
582,12562200,10.0,1.0,10.0
583,12629700,10.0,1.0,10.0
584,11926100,10.0,1.0,10.0
585,12873500,10.0,1.0,10.0
586,12979400,10.0,1.0,10.0
587,14264600,10.0,1.0,10.0
588,11048900,10.0,1.0,10.0
589,13111600,10.0,1.0,10.0
590,12900900,10.0,1.0,10.0
591,13821300,10.0,1.0,10.0
592,12096100,10.0,1.0,10.0
593,12630100,10.0,1.0,10.0
594,13826600,10.0,1.0,10.0
595,12156400,10.0,1.0,10.0
596,14167700,10.0,1.0,10.0
597,11136200,10.0,1.0,10.0
598,12836200,10.0,1.0,10.0
599,12995900,10.0,1.0,10.0
600,14603400,10.0,1.0,10.0
601,11687600,10.0,1.0,10.0
602,12570900,10.0,1.0,10.0
603,11708200,10.0,1.0,10.0
604,14209700,10.0,1.0,10.0
605,11461800,10.0,1.0,10.0
606,12521000,10.0,1.0,10.0
607,13147000,10.0,1.0,10.0
608,13080100,10.0,1.0,10.0
609,12318000,10.0,1.0,10.0
610,12327900,10.0,1.0,10.0
611,13487300,10.0,1.0,10.0
612,12337600,10.0,1.0,10.0
613,12261800,10.0,1.0,10.0
614,12465900,10.0,1.0,10.0
615,12689000,10.0,1.0,10.0
616,12515000,10.0,1.0,10.0
617,12482400,10.0,1.0,10.0
618,12128000,10.0,1.0,10.0
619,13762200,10.0,1.0,10.0
620,13379200,10.0,1.0,10.0
621,15597000,10.0,1.0,10.0
622,11651300,10.0,1.0,10.0
623,13362700,10.0,1.0,10.0
624,12467300,10.0,1.0,10.0
625,13360800,10.0,1.0,10.0
626,14329300,10.0,1.0,10.0
627,12354200,10.0,1.0,10.0
628,12424800,10.0,1.0,10.0
629,13202400,10.0,1.0,10.0
630,13225900,10.0,1.0,10.0
631,12084900,10.0,1.0,10.0
632,11995700,10.0,1.0,10.0
633,12868300,10.0,1.0,10.0
634,14326100,10.0,1.0,10.0
635,11902200,10.0,1.0,10.0
636,12650800,10.0,1.0,10.0
637,12967200,10.0,1.0,10.0
638,12576700,10.0,1.0,10.0
639,13721300,10.0,1.0,10.0
640,12100800,10.0,1.0,10.0
641,13229200,10.0,1.0,10.0
642,12088900,10.0,1.0,10.0
643,13589500,10.0,1.0,10.0
644,12506800,10.0,1.0,10.0
645,12125600,10.0,1.0,10.0
646,13000000,10.0,1.0,10.0
647,13004900,10.0,1.0,10.0
648,13325000,10.0,1.0,10.0
649,12606600,10.0,1.0,10.0
650,13284400,10.0,1.0,10.0
651,12884400,10.0,1.0,10.0
652,13936200,10.0,1.0,10.0
653,12158700,10.0,1.0,10.0
654,12292500,10.0,1.0,10.0
655,11803400,10.0,1.0,10.0
656,14444900,10.0,1.0,10.0
657,11096100,10.0,1.0,10.0
658,13671700,10.0,1.0,10.0
659,12198900,10.0,1.0,10.0
660,13281600,10.0,1.0,10.0
661,12129500,10.0,1.0,10.0
662,13370000,10.0,1.0,10.0
663,11222000,10.0,1.0,10.0
664,13414700,10.0,1.0,10.0
665,12325000,10.0,1.0,10.0
666,12408700,10.0,1.0,10.0
667,12890800,10.0,1.0,10.0
668,12865300,10.0,1.0,10.0
669,13155600,10.0,1.0,10.0
670,11915900,10.0,1.0,10.0
671,13071400,10.0,1.0,10.0
672,13002300,10.0,1.0,10.0
673,14244900,10.0,1.0,10.0
674,11453500,10.0,1.0,10.0
675,13490200,10.0,1.0,10.0
676,12116600,10.0,1.0,10.0
677,13746700,10.0,1.0,10.0
678,12416500,10.0,1.0,10.0
679,13255700,10.0,1.0,10.0
680,12084300,10.0,1.0,10.0
681,12725000,10.0,1.0,10.0
682,14874400,10.0,1.0,10.0
683,12902900,10.0,1.0,10.0
684,12823300,10.0,1.0,10.0
685,13844300,10.0,1.0,10.0
686,13554800,10.0,1.0,10.0
687,14476800,10.0,1.0,10.0
688,12599600,10.0,1.0,10.0
689,13774800,10.0,1.0,10.0
690,12386700,10.0,1.0,10.0
691,12081300,10.0,1.0,10.0
692,14820100,10.0,1.0,10.0
693,10511500,10.0,1.0,10.0
694,13303800,10.0,1.0,10.0
695,12779300,10.0,1.0,10.0
696,14066100,10.0,1.0,10.0
697,12841600,10.0,1.0,10.0
698,11188300,10.0,1.0,10.0
699,12854600,10.0,1.0,10.0
700,13472900,10.0,1.0,10.0
701,12422200,10.0,1.0,10.0
702,11989200,10.0,1.0,10.0
703,13659700,10.0,1.0,10.0
704,12581600,10.0,1.0,10.0
705,12019400,10.0,1.0,10.0
706,12303800,10.0,1.0,10.0
707,12974800,10.0,1.0,10.0
708,12905000,10.0,1.0,10.0
709,14543000,10.0,1.0,10.0
710,11663800,10.0,1.0,10.0
711,11909600,10.0,1.0,10.0
712,12889800,10.0,1.0,10.0
713,14187400,10.0,1.0,10.0
714,11662200,10.0,1.0,10.0
715,12270200,10.0,1.0,10.0
716,13074300,10.0,1.0,10.0
717,14110300,10.0,1.0,10.0
718,11772400,10.0,1.0,10.0
719,13273900,10.0,1.0,10.0
720,12379900,10.0,1.0,10.0
721,28022500,10.0,1.0,10.0
722,7206800,10.0,1.0,10.0
723,7078700,10.0,1.0,10.0
724,8330100,10.0,1.0,10.0
725,12326100,10.0,1.0,10.0
726,12198300,10.0,1.0,10.0
727,12392900,10.0,1.0,10.0
728,11837300,10.0,1.0,10.0
729,13563300,10.0,1.0,10.0
730,12357000,10.0,1.0,10.0
731,12431000,10.0,1.0,10.0
732,11954200,10.0,1.0,10.0
733,13695300,10.0,1.0,10.0
734,11927700,10.0,1.0,10.0
735,13505400,10.0,1.0,10.0
736,12708600,10.0,1.0,10.0
737,12870100,10.0,1.0,10.0
738,14222600,10.0,1.0,10.0
739,11207000,10.0,1.0,10.0
740,12820500,10.0,1.0,10.0
741,11706100,10.0,1.0,10.0
742,13873000,10.0,1.0,10.0
743,11496000,10.0,1.0,10.0
744,11920100,10.0,1.0,10.0
745,13327200,10.0,1.0,10.0
746,15258300,10.0,1.0,10.0
747,11609300,10.0,1.0,10.0
748,14092300,10.0,1.0,10.0
749,12999200,10.0,1.0,10.0
750,12273700,10.0,1.0,10.0
751,14731200,10.0,1.0,10.0
752,11303600,10.0,1.0,10.0
753,12053200,10.0,1.0,10.0
754,12318200,10.0,1.0,10.0
755,14123300,10.0,1.0,10.0
756,10870000,10.0,1.0,10.0
757,13399100,10.0,1.0,10.0
758,11992200,10.0,1.0,10.0
759,14303700,10.0,1.0,10.0
760,11402700,10.0,1.0,10.0
761,12013900,10.0,1.0,10.0
762,12791200,10.0,1.0,10.0
763,14160200,10.0,1.0,10.0
764,10835300,10.0,1.0,10.0
765,13052100,10.0,1.0,10.0
766,13068700,10.0,1.0,10.0
767,13742100,10.0,1.0,10.0
768,11598500,10.0,1.0,10.0
769,12678700,10.0,1.0,10.0
770,12020800,10.0,1.0,10.0
771,13362100,10.0,1.0,10.0
772,12426100,10.0,1.0,10.0
773,12860200,10.0,1.0,10.0
774,12384100,10.0,1.0,10.0
775,12394900,10.0,1.0,10.0
776,12415900,10.0,1.0,10.0
777,12817000,10.0,1.0,10.0
778,12342000,10.0,1.0,10.0
779,12373600,10.0,1.0,10.0
780,12326000,10.0,1.0,10.0
781,12629300,10.0,1.0,10.0
782,12463200,10.0,1.0,10.0
783,12940900,10.0,1.0,10.0
784,12501900,10.0,1.0,10.0
785,12535000,10.0,1.0,10.0
786,12287700,10.0,1.0,10.0
787,12458100,10.0,1.0,10.0
788,12351800,10.0,1.0,10.0
789,12772600,10.0,1.0,10.0
790,12394800,10.0,1.0,10.0
791,12337300,10.0,1.0,10.0
792,12305600,10.0,1.0,10.0
793,13674400,10.0,1.0,10.0
794,11271600,10.0,1.0,10.0
795,12841900,10.0,1.0,10.0
796,12305800,10.0,1.0,10.0
797,12598500,10.0,1.0,10.0
798,12255300,10.0,1.0,10.0
799,12608200,10.0,1.0,10.0
800,12680900,10.0,1.0,10.0
801,12798400,10.0,1.0,10.0
802,12515800,10.0,1.0,10.0
803,12626200,10.0,1.0,10.0
804,12327800,10.0,1.0,10.0
805,12915000,10.0,1.0,10.0
806,12199000,10.0,1.0,10.0
807,12849500,10.0,1.0,10.0
808,12617400,10.0,1.0,10.0
809,12725200,10.0,1.0,10.0
810,12432200,10.0,1.0,10.0
811,13029500,10.0,1.0,10.0
812,13739100,10.0,1.0,10.0
813,11388800,10.0,1.0,10.0
814,12489400,10.0,1.0,10.0
815,12235700,10.0,1.0,10.0
816,14394800,10.0,1.0,10.0
817,11247400,10.0,1.0,10.0
818,13851000,10.0,1.0,10.0
819,12375400,10.0,1.0,10.0
820,13859100,10.0,1.0,10.0
821,12681700,10.0,1.0,10.0
822,12733500,10.0,1.0,10.0
823,13331900,10.0,1.0,10.0
824,12273200,10.0,1.0,10.0
825,12693100,10.0,1.0,10.0
826,11959600,10.0,1.0,10.0
827,12519000,10.0,1.0,10.0
828,12320900,10.0,1.0,10.0
829,12103300,10.0,1.0,10.0
830,12612600,10.0,1.0,10.0
831,12344400,10.0,1.0,10.0
832,13252600,10.0,1.0,10.0
833,13039600,10.0,1.0,10.0
834,12133100,10.0,1.0,10.0
835,12864600,10.0,1.0,10.0
836,12066000,10.0,1.0,10.0
837,14658200,10.0,1.0,10.0
838,11393300,10.0,1.0,10.0
839,13740100,10.0,1.0,10.0
840,12281600,10.0,1.0,10.0
841,13524900,10.0,1.0,10.0
842,11068000,10.0,1.0,10.0
843,13356800,10.0,1.0,10.0
844,12606100,10.0,1.0,10.0
845,13077600,10.0,1.0,10.0
846,11578200,10.0,1.0,10.0
847,12433000,10.0,1.0,10.0
848,12643700,10.0,1.0,10.0
849,13975600,10.0,1.0,10.0
850,11748500,10.0,1.0,10.0
851,12614600,10.0,1.0,10.0
852,12476700,10.0,1.0,10.0
853,12670500,10.0,1.0,10.0
854,12410400,10.0,1.0,10.0
855,12289900,10.0,1.0,10.0
856,12383300,10.0,1.0,10.0
857,13300200,10.0,1.0,10.0
858,13657900,10.0,1.0,10.0
859,12039800,10.0,1.0,10.0
860,12627900,10.0,1.0,10.0
861,12132100,10.0,1.0,10.0
862,13920200,10.0,1.0,10.0
863,12018500,10.0,1.0,10.0
864,13540800,10.0,1.0,10.0
865,13520800,10.0,1.0,10.0
866,13806400,10.0,1.0,10.0
867,15159700,10.0,1.0,10.0
868,11728200,10.0,1.0,10.0
869,13631700,10.0,1.0,10.0
870,13742600,10.0,1.0,10.0
871,13415400,10.0,1.0,10.0
872,13026900,10.0,1.0,10.0
873,12435900,10.0,1.0,10.0
874,12694400,10.0,1.0,10.0
875,12009000,10.0,1.0,10.0
876,14410200,10.0,1.0,10.0
877,11264500,10.0,1.0,10.0
878,13459700,10.0,1.0,10.0
879,12840000,10.0,1.0,10.0
880,12864900,10.0,1.0,10.0
881,12230300,10.0,1.0,10.0
882,12312600,10.0,1.0,10.0
883,13109800,10.0,1.0,10.0
884,12852000,10.0,1.0,10.0
885,12566300,10.0,1.0,10.0
886,12993300,10.0,1.0,10.0
887,12516800,10.0,1.0,10.0
888,12574400,10.0,1.0,10.0
889,13908500,10.0,1.0,10.0
890,11068600,10.0,1.0,10.0
891,12426100,10.0,1.0,10.0
892,12401500,10.0,1.0,10.0
893,12568400,10.0,1.0,10.0
894,12995500,10.0,1.0,10.0
895,12682100,10.0,1.0,10.0
896,12154600,10.0,1.0,10.0
897,14522000,10.0,1.0,10.0
898,11857600,10.0,1.0,10.0
899,12851400,10.0,1.0,10.0
900,12362000,10.0,1.0,10.0
901,13286100,10.0,1.0,10.0
902,11359300,10.0,1.0,10.0
903,12463300,10.0,1.0,10.0
904,12300700,10.0,1.0,10.0
905,13240600,10.0,1.0,10.0
906,11840500,10.0,1.0,10.0
907,12325800,10.0,1.0,10.0
908,12213900,10.0,1.0,10.0
909,14392900,10.0,1.0,10.0
910,10804500,10.0,1.0,10.0
911,12235200,10.0,1.0,10.0
912,12131100,10.0,1.0,10.0
913,14538100,10.0,1.0,10.0
914,11488300,10.0,1.0,10.0
915,12559000,10.0,1.0,10.0
916,12327300,10.0,1.0,10.0
917,13353500,10.0,1.0,10.0
918,11529200,10.0,1.0,10.0
919,12184100,10.0,1.0,10.0
920,13653400,10.0,1.0,10.0
921,13616700,10.0,1.0,10.0
922,11440400,10.0,1.0,10.0
923,12882600,10.0,1.0,10.0
924,12449900,10.0,1.0,10.0
925,13999700,10.0,1.0,10.0
926,11147800,10.0,1.0,10.0
927,13411000,10.0,1.0,10.0
928,13055600,10.0,1.0,10.0
929,12843500,10.0,1.0,10.0
930,15102400,10.0,1.0,10.0
931,12449500,10.0,1.0,10.0
932,13194600,10.0,1.0,10.0
933,13970500,10.0,1.0,10.0
934,13134100,10.0,1.0,10.0
935,13292400,10.0,1.0,10.0
936,11409100,10.0,1.0,10.0
937,13763500,10.0,1.0,10.0
938,12307300,10.0,1.0,10.0
939,13230400,10.0,1.0,10.0
940,11260100,10.0,1.0,10.0
941,13029900,10.0,1.0,10.0
942,13899600,10.0,1.0,10.0
943,12611800,10.0,1.0,10.0
944,12359100,10.0,1.0,10.0
945,12845200,10.0,1.0,10.0
946,12466400,10.0,1.0,10.0
947,13308800,10.0,1.0,10.0
948,11856800,10.0,1.0,10.0
949,13158900,10.0,1.0,10.0
950,12484300,10.0,1.0,10.0
951,12123800,10.0,1.0,10.0
952,14298700,10.0,1.0,10.0
953,11771600,10.0,1.0,10.0
954,12239600,10.0,1.0,10.0
955,13794100,10.0,1.0,10.0
956,13622100,10.0,1.0,10.0
957,11128700,10.0,1.0,10.0
958,13087000,10.0,1.0,10.0
959,13101200,10.0,1.0,10.0
960,12849900,10.0,1.0,10.0
961,13317800,10.0,1.0,10.0
962,12170000,10.0,1.0,10.0
963,13318400,10.0,1.0,10.0
964,12786700,10.0,1.0,10.0
965,14606600,10.0,1.0,10.0
966,10893200,10.0,1.0,10.0
967,12309600,10.0,1.0,10.0
968,12204000,10.0,1.0,10.0
969,15110600,10.0,1.0,10.0
970,10285200,10.0,1.0,10.0
971,12550000,10.0,1.0,10.0
972,12574000,10.0,1.0,10.0
973,13107100,10.0,1.0,10.0
974,11735600,10.0,1.0,10.0
975,13237200,10.0,1.0,10.0
976,12842000,10.0,1.0,10.0
977,13573400,10.0,1.0,10.0
978,11659800,10.0,1.0,10.0
979,12098900,10.0,1.0,10.0
980,13944500,10.0,1.0,10.0
981,13133600,10.0,1.0,10.0
982,12005700,10.0,1.0,10.0
983,12645200,10.0,1.0,10.0
984,12359600,10.0,1.0,10.0
985,13882900,10.0,1.0,10.0
986,11638200,10.0,1.0,10.0
987,12507500,10.0,1.0,10.0
988,13155300,10.0,1.0,10.0
989,13146700,10.0,1.0,10.0
990,13812800,10.0,1.0,10.0
991,11945800,10.0,1.0,10.0
992,13688000,10.0,1.0,10.0
993,14199600,10.0,1.0,10.0
994,12618100,10.0,1.0,10.0
995,15184300,10.0,1.0,10.0
996,11870900,10.0,1.0,10.0
997,13802800,10.0,1.0,10.0
998,12656900,10.0,1.0,10.0
999,13336000,10.0,1.0,10.0
1000,11739700,10.0,1.0,10.0
1001,13288500,10.0,1.0,10.0
1002,13413200,10.0,1.0,10.0
1003,12681800,10.0,1.0,10.0
1004,14085600,10.0,1.0,10.0
1005,11686600,10.0,1.0,10.0
1006,13066700,10.0,1.0,10.0
1007,13182700,10.0,1.0,10.0
1008,13036400,10.0,1.0,10.0
1009,13367300,10.0,1.0,10.0
1010,12529500,10.0,1.0,10.0
1011,12666900,10.0,1.0,10.0
1012,13049000,10.0,1.0,10.0
1013,12731900,10.0,1.0,10.0
1014,12293100,10.0,1.0,10.0
1015,12951900,10.0,1.0,10.0
1016,13587700,10.0,1.0,10.0
1017,14118400,10.0,1.0,10.0
1018,10065700,10.0,1.0,10.0
1019,12641500,10.0,1.0,10.0
1020,12844600,10.0,1.0,10.0
1021,14283400,10.0,1.0,10.0
1022,10608700,10.0,1.0,10.0
1023,12814400,10.0,1.0,10.0
1024,13172800,10.0,1.0,10.0
1025,13188800,10.0,1.0,10.0
1026,12071600,10.0,1.0,10.0
1027,13271400,10.0,1.0,10.0
1028,12512600,10.0,1.0,10.0
1029,12828100,10.0,1.0,10.0
1030,13924700,10.0,1.0,10.0
1031,12044700,10.0,1.0,10.0
1032,12574100,10.0,1.0,10.0
1033,13243000,10.0,1.0,10.0
1034,13063600,10.0,1.0,10.0
1035,12413800,10.0,1.0,10.0
1036,12838200,10.0,1.0,10.0
1037,13247500,10.0,1.0,10.0
1038,13263000,10.0,1.0,10.0
1039,12037200,10.0,1.0,10.0
1040,12207600,10.0,1.0,10.0
1041,13018700,10.0,1.0,10.0
1042,13002600,10.0,1.0,10.0
1043,14252100,10.0,1.0,10.0
1044,11754300,10.0,1.0,10.0
1045,12269400,10.0,1.0,10.0
1046,11844800,10.0,1.0,10.0
1047,13934100,10.0,1.0,10.0
1048,12476600,10.0,1.0,10.0
1049,12123800,10.0,1.0,10.0
1050,13300000,10.0,1.0,10.0
1051,13297100,10.0,1.0,10.0
1052,11018600,10.0,1.0,10.0
1053,13585400,10.0,1.0,10.0
1054,13265300,10.0,1.0,10.0
1055,14837100,10.0,1.0,10.0
1056,13118000,10.0,1.0,10.0
1057,11960300,10.0,1.0,10.0
1058,13544600,10.0,1.0,10.0
1059,13675100,10.0,1.0,10.0
1060,14051800,10.0,1.0,10.0
1061,12782500,10.0,1.0,10.0
1062,11850700,10.0,1.0,10.0
1063,11996400,10.0,1.0,10.0
1064,12995300,10.0,1.0,10.0
1065,12445700,10.0,1.0,10.0
1066,12984200,10.0,1.0,10.0
1067,11808600,10.0,1.0,10.0
1068,13223200,10.0,1.0,10.0
1069,13674600,10.0,1.0,10.0
1070,11219700,10.0,1.0,10.0
1071,13355000,10.0,1.0,10.0
1072,12200300,10.0,1.0,10.0
1073,13623600,10.0,1.0,10.0
1074,11343100,10.0,1.0,10.0
1075,13242900,10.0,1.0,10.0
1076,12954600,10.0,1.0,10.0
1077,13541800,10.0,1.0,10.0
1078,12108600,10.0,1.0,10.0
1079,13591500,10.0,1.0,10.0
1080,12122000,10.0,1.0,10.0
1081,13144800,10.0,1.0,10.0
1082,13194900,10.0,1.0,10.0
1083,11642700,10.0,1.0,10.0
1084,13583100,10.0,1.0,10.0
1085,12023000,10.0,1.0,10.0
1086,14422600,10.0,1.0,10.0
1087,11220000,10.0,1.0,10.0
1088,13044700,10.0,1.0,10.0
1089,12835700,10.0,1.0,10.0
1090,13625400,10.0,1.0,10.0
1091,11414200,10.0,1.0,10.0
1092,12929100,10.0,1.0,10.0
1093,13285900,10.0,1.0,10.0
1094,13699700,10.0,1.0,10.0
1095,11940900,10.0,1.0,10.0
1096,12991900,10.0,1.0,10.0
1097,11925000,10.0,1.0,10.0
1098,12996600,10.0,1.0,10.0
1099,12746900,10.0,1.0,10.0
1100,12806400,10.0,1.0,10.0
1101,11892300,10.0,1.0,10.0
1102,13426700,10.0,1.0,10.0
1103,13387400,10.0,1.0,10.0
1104,11143300,10.0,1.0,10.0
1105,12715400,10.0,1.0,10.0
1106,14251500,10.0,1.0,10.0
1107,12988300,10.0,1.0,10.0
1108,10822000,10.0,1.0,10.0
1109,13167700,10.0,1.0,10.0
1110,13111700,10.0,1.0,10.0
1111,14243700,10.0,1.0,10.0
1112,11287500,10.0,1.0,10.0
1113,12066800,10.0,1.0,10.0
1114,12885300,10.0,1.0,10.0
1115,13497400,10.0,1.0,10.0
1116,12504100,10.0,1.0,10.0
1117,12890200,10.0,1.0,10.0
1118,13658000,10.0,1.0,10.0
1119,13694500,10.0,1.0,10.0
1120,13798800,10.0,1.0,10.0
1121,14127600,10.0,1.0,10.0
1122,13039700,10.0,1.0,10.0
1123,13655500,10.0,1.0,10.0
1124,13027800,10.0,1.0,10.0
1125,12503600,10.0,1.0,10.0
1126,12125000,10.0,1.0,10.0
1127,12029700,10.0,1.0,10.0
1128,12816800,10.0,1.0,10.0
1129,13386200,10.0,1.0,10.0
1130,12679100,10.0,1.0,10.0
1131,12710000,10.0,1.0,10.0
1132,11724600,10.0,1.0,10.0
1133,13645700,10.0,1.0,10.0
1134,12037800,10.0,1.0,10.0
1135,12734400,10.0,1.0,10.0
1136,13466900,10.0,1.0,10.0
1137,12377800,10.0,1.0,10.0
1138,12637100,10.0,1.0,10.0
1139,11686700,10.0,1.0,10.0
1140,12893600,10.0,1.0,10.0
1141,13373700,10.0,1.0,10.0
1142,13196900,10.0,1.0,10.0
1143,12223300,10.0,1.0,10.0
1144,12306900,10.0,1.0,10.0
1145,11864100,10.0,1.0,10.0
1146,14248800,10.0,1.0,10.0
1147,11238200,10.0,1.0,10.0
1148,12911600,10.0,1.0,10.0
1149,13445300,10.0,1.0,10.0
1150,12865800,10.0,1.0,10.0
1151,12193400,10.0,1.0,10.0
1152,13203600,10.0,1.0,10.0
1153,13087200,10.0,1.0,10.0
1154,13111200,10.0,1.0,10.0
1155,14003200,10.0,1.0,10.0
1156,12339600,10.0,1.0,10.0
1157,12918200,10.0,1.0,10.0
1158,13203800,10.0,1.0,10.0
1159,12015100,10.0,1.0,10.0
1160,12761700,10.0,1.0,10.0
1161,13090100,10.0,1.0,10.0
1162,12258600,10.0,1.0,10.0
1163,13252600,10.0,1.0,10.0
1164,12474000,10.0,1.0,10.0
1165,12383700,10.0,1.0,10.0
1166,12832800,10.0,1.0,10.0
1167,12874900,10.0,1.0,10.0
1168,13758100,10.0,1.0,10.0
1169,12312300,10.0,1.0,10.0
1170,13343800,10.0,1.0,10.0
1171,13128700,10.0,1.0,10.0
1172,12866200,10.0,1.0,10.0
1173,12268400,10.0,1.0,10.0
1174,12954500,10.0,1.0,10.0
1175,12646900,10.0,1.0,10.0
1176,14086000,10.0,1.0,10.0
1177,11199200,10.0,1.0,10.0
1178,12263700,10.0,1.0,10.0
1179,13645100,10.0,1.0,10.0
1180,13832500,10.0,1.0,10.0
1181,13739900,10.0,1.0,10.0
1182,13028000,10.0,1.0,10.0
1183,12897300,10.0,1.0,10.0
1184,13740800,10.0,1.0,10.0
1185,14254500,10.0,1.0,10.0
1186,13918000,10.0,1.0,10.0
1187,11196300,10.0,1.0,10.0
1188,12716900,10.0,1.0,10.0
1189,13662700,10.0,1.0,10.0
1190,12484500,10.0,1.0,10.0
1191,12249800,10.0,1.0,10.0
1192,12526900,10.0,1.0,10.0
1193,12081500,10.0,1.0,10.0
1194,13758600,10.0,1.0,10.0
1195,12322100,10.0,1.0,10.0
1196,11326100,10.0,1.0,10.0
1197,12881800,10.0,1.0,10.0
1198,13692700,10.0,1.0,10.0
1199,12379000,10.0,1.0,10.0
1200,12436000,10.0,1.0,10.0
1201,12914300,10.0,1.0,10.0
1202,13640700,10.0,1.0,10.0
1203,12462700,10.0,1.0,10.0
1204,12658500,10.0,1.0,10.0
1205,12234500,10.0,1.0,10.0
1206,11619400,10.0,1.0,10.0
1207,13605500,10.0,1.0,10.0
1208,12345400,10.0,1.0,10.0
1209,13283800,10.0,1.0,10.0
1210,13682200,10.0,1.0,10.0
1211,12726200,10.0,1.0,10.0
1212,12274200,10.0,1.0,10.0
1213,12892500,10.0,1.0,10.0
1214,12104800,10.0,1.0,10.0
1215,13752600,10.0,1.0,10.0
1216,12191000,10.0,1.0,10.0
1217,12091500,10.0,1.0,10.0
1218,13490300,10.0,1.0,10.0
1219,11863100,10.0,1.0,10.0
1220,13736600,10.0,1.0,10.0
1221,12251300,10.0,1.0,10.0
1222,12228400,10.0,1.0,10.0
1223,13565200,10.0,1.0,10.0
1224,12865300,10.0,1.0,10.0
1225,12514900,10.0,1.0,10.0
1226,12027800,10.0,1.0,10.0
1227,12912400,10.0,1.0,10.0
1228,13337500,10.0,1.0,10.0
1229,12725300,10.0,1.0,10.0
1230,12569600,10.0,1.0,10.0
1231,12707200,10.0,1.0,10.0
1232,12814000,10.0,1.0,10.0
1233,13520600,10.0,1.0,10.0
1234,12460400,10.0,1.0,10.0
1235,13450500,10.0,1.0,10.0
1236,13108000,10.0,1.0,10.0
1237,14643100,10.0,1.0,10.0
1238,12634900,10.0,1.0,10.0
1239,12692400,10.0,1.0,10.0
1240,12425200,10.0,1.0,10.0
1241,13748500,10.0,1.0,10.0
1242,13892200,10.0,1.0,10.0
1243,11544300,10.0,1.0,10.0
1244,13281900,10.0,1.0,10.0
1245,13382800,10.0,1.0,10.0
1246,13213500,10.0,1.0,10.0
1247,14051200,10.0,1.0,10.0
1248,12387300,10.0,1.0,10.0
1249,13314600,10.0,1.0,10.0
1250,13030700,10.0,1.0,10.0
1251,13578500,10.0,1.0,10.0
1252,11337400,10.0,1.0,10.0
1253,12660800,10.0,1.0,10.0
1254,13001000,10.0,1.0,10.0
1255,13234900,10.0,1.0,10.0
1256,11670500,10.0,1.0,10.0
1257,13112700,10.0,1.0,10.0
1258,12509100,10.0,1.0,10.0
1259,13094200,10.0,1.0,10.0
1260,13020600,10.0,1.0,10.0
1261,12191600,10.0,1.0,10.0
1262,12195600,10.0,1.0,10.0
1263,12918900,10.0,1.0,10.0
1264,11906900,10.0,1.0,10.0
1265,12699700,10.0,1.0,10.0
1266,12227000,10.0,1.0,10.0
1267,12907100,10.0,1.0,10.0
1268,13291100,10.0,1.0,10.0
1269,11948600,10.0,1.0,10.0
1270,12041500,10.0,1.0,10.0
1271,13355600,10.0,1.0,10.0
1272,13437000,10.0,1.0,10.0
1273,12085600,10.0,1.0,10.0
1274,12016300,10.0,1.0,10.0
1275,12963800,10.0,1.0,10.0
1276,15234800,10.0,1.0,10.0
1277,10012200,10.0,1.0,10.0
1278,13613400,10.0,1.0,10.0
1279,12154600,10.0,1.0,10.0
1280,14536700,10.0,1.0,10.0
1281,12011800,10.0,1.0,10.0
1282,12272300,10.0,1.0,10.0
1283,12380500,10.0,1.0,10.0
1284,12526500,10.0,1.0,10.0
1285,13368700,10.0,1.0,10.0
1286,11755000,10.0,1.0,10.0
1287,12372000,10.0,1.0,10.0
1288,12946700,10.0,1.0,10.0
1289,12450400,10.0,1.0,10.0
1290,12662800,10.0,1.0,10.0
1291,11954900,10.0,1.0,10.0
1292,13468600,10.0,1.0,10.0
1293,13314200,10.0,1.0,10.0
1294,11921400,10.0,1.0,10.0
1295,12489000,10.0,1.0,10.0
1296,12241500,10.0,1.0,10.0
1297,13092500,10.0,1.0,10.0
1298,12672900,10.0,1.0,10.0
1299,12353700,10.0,1.0,10.0
1300,12975600,10.0,1.0,10.0
1301,15220400,10.0,1.0,10.0
1302,11771800,10.0,1.0,10.0
1303,12842000,10.0,1.0,10.0
1304,12374000,10.0,1.0,10.0
1305,12713000,10.0,1.0,10.0
1306,14363000,10.0,1.0,10.0
1307,12594300,10.0,1.0,10.0
1308,14091200,10.0,1.0,10.0
1309,11685600,10.0,1.0,10.0
1310,14472700,10.0,1.0,10.0
1311,13871600,10.0,1.0,10.0
1312,13305400,10.0,1.0,10.0
1313,12611500,10.0,1.0,10.0
1314,12455900,10.0,1.0,10.0
1315,13423500,10.0,1.0,10.0
1316,11348300,10.0,1.0,10.0
1317,12554200,10.0,1.0,10.0
1318,12196800,10.0,1.0,10.0
1319,15398000,10.0,1.0,10.0
1320,10184800,10.0,1.0,10.0
1321,13303800,10.0,1.0,10.0
1322,12466500,10.0,1.0,10.0
1323,13326400,10.0,1.0,10.0
1324,11610100,10.0,1.0,10.0
1325,12064500,10.0,1.0,10.0
1326,12347900,10.0,1.0,10.0
1327,12643800,10.0,1.0,10.0
1328,12715500,10.0,1.0,10.0
1329,12363000,10.0,1.0,10.0
1330,13237100,10.0,1.0,10.0
1331,13543900,10.0,1.0,10.0
1332,12723600,10.0,1.0,10.0
1333,13319400,10.0,1.0,10.0
1334,12553600,10.0,1.0,10.0
1335,12045900,10.0,1.0,10.0
1336,14487600,10.0,1.0,10.0
1337,11646800,10.0,1.0,10.0
1338,12322600,10.0,1.0,10.0
1339,12986200,10.0,1.0,10.0
1340,13952000,10.0,1.0,10.0
1341,12987800,10.0,1.0,10.0
1342,11652000,10.0,1.0,10.0
1343,13363000,10.0,1.0,10.0
1344,13056800,10.0,1.0,10.0
1345,11611100,10.0,1.0,10.0
1346,13966600,10.0,1.0,10.0
1347,11699500,10.0,1.0,10.0
1348,12454200,10.0,1.0,10.0
1349,12482000,10.0,1.0,10.0
1350,12721200,10.0,1.0,10.0
1351,13077000,10.0,1.0,10.0
1352,12102500,10.0,1.0,10.0
1353,14545600,10.0,1.0,10.0
1354,11432600,10.0,1.0,10.0
1355,12587400,10.0,1.0,10.0
1356,12160200,10.0,1.0,10.0
1357,14691100,10.0,1.0,10.0
1358,11655600,10.0,1.0,10.0
1359,12445700,10.0,1.0,10.0
1360,12391500,10.0,1.0,10.0
1361,13415200,10.0,1.0,10.0
1362,11772100,10.0,1.0,10.0
1363,12499600,10.0,1.0,10.0
1364,13336000,10.0,1.0,10.0
1365,12844600,10.0,1.0,10.0
1366,12570200,10.0,1.0,10.0
1367,12950800,10.0,1.0,10.0
1368,12619300,10.0,1.0,10.0
1369,12855400,10.0,1.0,10.0
1370,15278000,10.0,1.0,10.0
1371,12114000,10.0,1.0,10.0
1372,13462000,10.0,1.0,10.0
1373,13096300,10.0,1.0,10.0
1374,13300200,10.0,1.0,10.0
1375,14833900,10.0,1.0,10.0
1376,11827700,10.0,1.0,10.0
1377,12222800,10.0,1.0,10.0
1378,13149400,10.0,1.0,10.0
1379,13653200,10.0,1.0,10.0
1380,12755200,10.0,1.0,10.0
1381,12794200,10.0,1.0,10.0
1382,12670800,10.0,1.0,10.0
1383,12194200,10.0,1.0,10.0
1384,14668000,10.0,1.0,10.0
1385,11561400,10.0,1.0,10.0
1386,12600800,10.0,1.0,10.0
1387,12134100,10.0,1.0,10.0
1388,14678600,10.0,1.0,10.0
1389,11434200,10.0,1.0,10.0
1390,12323900,10.0,1.0,10.0
1391,12065700,10.0,1.0,10.0
1392,14891100,10.0,1.0,10.0
1393,11661800,10.0,1.0,10.0
1394,12289500,10.0,1.0,10.0
1395,13144000,10.0,1.0,10.0
1396,13299800,10.0,1.0,10.0
1397,12391400,10.0,1.0,10.0
1398,12337100,10.0,1.0,10.0
1399,13070500,10.0,1.0,10.0
1400,13071000,10.0,1.0,10.0
1401,14201700,10.0,1.0,10.0
1402,11765300,10.0,1.0,10.0
1403,12227500,10.0,1.0,10.0
1404,13284700,10.0,1.0,10.0
1405,13470900,10.0,1.0,10.0
1406,11559600,10.0,1.0,10.0
1407,12471600,10.0,1.0,10.0
1408,11910000,10.0,1.0,10.0
1409,14711100,10.0,1.0,10.0
1410,11440600,10.0,1.0,10.0
1411,12314300,10.0,1.0,10.0
1412,13398900,10.0,1.0,10.0
1413,13470300,10.0,1.0,10.0
1414,11856200,10.0,1.0,10.0
1415,12652100,10.0,1.0,10.0
1416,12712000,10.0,1.0,10.0
1417,12498100,10.0,1.0,10.0
1418,12217000,10.0,1.0,10.0
1419,13128500,10.0,1.0,10.0
1420,12319900,10.0,1.0,10.0
1421,13132200,10.0,1.0,10.0
1422,14463000,10.0,1.0,10.0
1423,11808100,10.0,1.0,10.0
1424,12730300,10.0,1.0,10.0
1425,12075200,10.0,1.0,10.0
1426,13397800,10.0,1.0,10.0
1427,11590500,10.0,1.0,10.0
1428,12374900,10.0,1.0,10.0
1429,12632300,10.0,1.0,10.0
1430,13992700,10.0,1.0,10.0
1431,10925200,10.0,1.0,10.0
1432,13100300,10.0,1.0,10.0
1433,13376400,10.0,1.0,10.0
1434,13275200,10.0,1.0,10.0
1435,13184900,10.0,1.0,10.0
1436,13881900,10.0,1.0,10.0
1437,13594300,10.0,1.0,10.0
1438,13066300,10.0,1.0,10.0
1439,13828000,10.0,1.0,10.0
1440,14580700,10.0,1.0,10.0
1441,11928900,10.0,1.0,10.0
1442,12347300,10.0,1.0,10.0
1443,12107800,10.0,1.0,10.0
1444,13913100,10.0,1.0,10.0
1445,11939000,10.0,1.0,10.0
1446,12513400,10.0,1.0,10.0
1447,12174200,10.0,1.0,10.0
1448,15526600,10.0,1.0,10.0
1449,10539900,10.0,1.0,10.0
1450,12772800,10.0,1.0,10.0
1451,12626500,10.0,1.0,10.0
1452,13447500,10.0,1.0,10.0
1453,11136100,10.0,1.0,10.0
1454,12889600,10.0,1.0,10.0
1455,12457500,10.0,1.0,10.0
1456,13172900,10.0,1.0,10.0
1457,11176000,10.0,1.0,10.0
1458,13797500,10.0,1.0,10.0
1459,12375400,10.0,1.0,10.0
1460,12902100,10.0,1.0,10.0
1461,13879800,10.0,1.0,10.0
1462,12428300,10.0,1.0,10.0
1463,11981600,10.0,1.0,10.0
1464,12911300,10.0,1.0,10.0
1465,14513300,10.0,1.0,10.0
1466,11321700,10.0,1.0,10.0
1467,13461100,10.0,1.0,10.0
1468,12196400,10.0,1.0,10.0
1469,14776600,10.0,1.0,10.0
1470,12290500,10.0,1.0,10.0
1471,13727600,10.0,1.0,10.0
1472,12852200,10.0,1.0,10.0
1473,12080100,10.0,1.0,10.0
1474,14428500,10.0,1.0,10.0
1475,11071400,10.0,1.0,10.0
1476,13987200,10.0,1.0,10.0
1477,12248100,10.0,1.0,10.0
1478,13894400,10.0,1.0,10.0
1479,12873800,10.0,1.0,10.0
1480,11891300,10.0,1.0,10.0
1481,12488800,10.0,1.0,10.0
1482,12336500,10.0,1.0,10.0
1483,12664800,10.0,1.0,10.0
1484,12474300,10.0,1.0,10.0
1485,12197300,10.0,1.0,10.0
1486,13446400,10.0,1.0,10.0
1487,12295900,10.0,1.0,10.0
1488,13009100,10.0,1.0,10.0
1489,12402400,10.0,1.0,10.0
1490,12386200,10.0,1.0,10.0
1491,12134100,10.0,1.0,10.0
1492,13807700,10.0,1.0,10.0
1493,12606200,10.0,1.0,10.0
1494,32612600,10.0,1.0,10.0
1495,10315600,10.0,1.0,10.0
1496,9496600,10.0,1.0,10.0
1497,9206800,10.0,1.0,10.0
1498,10991700,10.0,1.0,10.0
1499,9398200,10.0,1.0,10.0
1500,13711000,10.0,1.0,10.0
1501,14373600,10.0,1.0,10.0
1502,12031600,10.0,1.0,10.0
1503,12494200,10.0,1.0,10.0
1504,12064800,10.0,1.0,10.0
1505,14911500,10.0,1.0,10.0
1506,11455200,10.0,1.0,10.0
1507,13010100,10.0,1.0,10.0
1508,12530500,10.0,1.0,10.0
1509,12473100,10.0,1.0,10.0
1510,12254800,10.0,1.0,10.0
1511,12656400,10.0,1.0,10.0
1512,12554800,10.0,1.0,10.0
1513,12482000,10.0,1.0,10.0
1514,12260700,10.0,1.0,10.0
1515,12303100,10.0,1.0,10.0
1516,12374700,10.0,1.0,10.0
1517,13014700,10.0,1.0,10.0
1518,12345400,10.0,1.0,10.0
1519,12495800,10.0,1.0,10.0
1520,11919100,10.0,1.0,10.0
1521,13392200,10.0,1.0,10.0
1522,13336300,10.0,1.0,10.0
1523,12075000,10.0,1.0,10.0
1524,12318300,10.0,1.0,10.0
1525,13064500,10.0,1.0,10.0
1526,13310400,10.0,1.0,10.0
1527,11744500,10.0,1.0,10.0
1528,13356600,10.0,1.0,10.0
1529,12095000,10.0,1.0,10.0
1530,14072500,10.0,1.0,10.0
1531,12195600,10.0,1.0,10.0
1532,12951400,10.0,1.0,10.0
1533,12896100,10.0,1.0,10.0
1534,13134100,10.0,1.0,10.0
1535,12709000,10.0,1.0,10.0
1536,12577300,10.0,1.0,10.0
1537,12318700,10.0,1.0,10.0
1538,12828600,10.0,1.0,10.0
1539,12751200,10.0,1.0,10.0
1540,12711200,10.0,1.0,10.0
1541,12291200,10.0,1.0,10.0
1542,12820600,10.0,1.0,10.0
1543,12341700,10.0,1.0,10.0
1544,13101000,10.0,1.0,10.0
1545,12569400,10.0,1.0,10.0
1546,12327500,10.0,1.0,10.0
1547,13281000,10.0,1.0,10.0
1548,12214000,10.0,1.0,10.0
1549,12352700,10.0,1.0,10.0
1550,12080200,10.0,1.0,10.0
1551,14344400,10.0,1.0,10.0
1552,11332200,10.0,1.0,10.0
1553,13737100,10.0,1.0,10.0
1554,12025400,10.0,1.0,10.0
1555,14125900,10.0,1.0,10.0
1556,12518000,10.0,1.0,10.0
1557,12383600,10.0,1.0,10.0
1558,12069700,10.0,1.0,10.0
1559,16254800,10.0,1.0,10.0
