,write_value,method_call,subscription
0,13092100.0,23827900.0,13436300.0
1,19279100.0,25704500.0,14040900.0
2,12784500.0,22809400.0,22417300.0
3,23840800.0,27899200.0,16146000.0
4,16630900.0,20899100.0,18060300.0
5,12284300.0,21998400.0,17124300.0
6,10506800.0,20002100.0,17555700.0
7,13628700.0,19862500.0,17560200.0
8,12161300.0,25806900.0,19943800.0
9,12556100.0,20180200.0,21595900.0
10,10584500.0,20209500.0,19592700.0
11,12819400.0,21459200.0,15723500.0
12,11533500.0,23075600.0,15018700.0
13,12239000.0,22056900.0,41403400.0
14,10358200.0,20810900.0,10841600.0
15,10878800.0,19996300.0,11012300.0
16,12668900.0,22201000.0,12666000.0
17,10759400.0,25377700.0,16620300.0
18,10968300.0,18959100.0,15863600.0
19,10197800.0,18637200.0,20758200.0
20,11022600.0,21374600.0,11377600.0
21,10292800.0,22665400.0,11975400.0
22,10999100.0,24990100.0,11877100.0
23,11111200.0,23299300.0,11118500.0
24,9898800.0,20748800.0,11163000.0
25,10982900.0,20612500.0,11597700.0
26,10810200.0,22988800.0,15304500.0
27,10604000.0,20312000.0,17693100.0
28,10788500.0,22553200.0,16165400.0
29,15309300.0,21500600.0,16599600.0
30,10200300.0,22390600.0,15646600.0
31,10476700.0,23657000.0,15766700.0
32,11104300.0,19676200.0,15067300.0
33,10228000.0,21455900.0,16350500.0
34,11434300.0,20329100.0,17307100.0
35,9869300.0,20450300.0,15694400.0
36,10943100.0,21817100.0,16126100.0
37,9259800.0,21151600.0,15863600.0
38,10284300.0,19697700.0,15525700.0
39,9868000.0,21501600.0,14913700.0
40,11971500.0,20983200.0,16949900.0
41,9821500.0,23056600.0,15388300.0
42,10682200.0,20176200.0,14208400.0
43,10699000.0,20264900.0,14652200.0
44,10433100.0,19883400.0,15915900.0
45,8701300.0,22006400.0,14638300.0
46,8111100.0,25507900.0,17644600.0
47,13533600.0,19419600.0,17354800.0
48,14369600.0,20793700.0,15836800.0
49,11727000.0,19972000.0,15413800.0
50,12049400.0,26475400.0,15647900.0
51,10536900.0,21106000.0,15728900.0
52,11176100.0,22739900.0,15106800.0
53,10008200.0,24009800.0,16698100.0
54,8565400.0,23048500.0,16883900.0
55,10841400.0,31455000.0,16236600.0
56,12487300.0,19544100.0,15521100.0
57,8972200.0,19502000.0,15256500.0
58,15284600.0,20694200.0,18466700.0
59,12687400.0,22608100.0,19338400.0
60,11041400.0,21548400.0,15438800.0
61,10328300.0,19262800.0,16237100.0
62,10243400.0,20445500.0,16346200.0
63,10858400.0,22007500.0,15767600.0
64,10681000.0,22729600.0,16523200.0
65,10488600.0,19340800.0,19919600.0
66,16620400.0,19000800.0,15345600.0
67,11747400.0,20718400.0,18392200.0
68,10676700.0,21665600.0,16123700.0
69,9952600.0,25962400.0,16986000.0
70,10570300.0,18864000.0,18352200.0
71,10941600.0,19637200.0,16657300.0
72,11193900.0,20152400.0,15440200.0
73,10517900.0,24218200.0,16328500.0
74,12469600.0,224039300.0,15015300.0
75,14609400.0,20107200.0,16213500.0
76,10866500.0,19849800.0,16370900.0
77,11522600.0,19821500.0,23394900.0
78,9872000.0,23408100.0,17789400.0
79,11035700.0,25243200.0,15547500.0
80,10291600.0,19749200.0,16564900.0
81,11155000.0,23852900.0,15376600.0
82,9929800.0,21934200.0,16098600.0
83,10883100.0,23492400.0,21732400.0
84,17719300.0,20374900.0,17328300.0
85,13503200.0,21928100.0,14800400.0
86,14384500.0,20978400.0,14935500.0
87,12534900.0,20314100.0,15492900.0
88,12354200.0,25409800.0,15538500.0
89,13418000.0,19613900.0,23087000.0
90,13861600.0,21385300.0,16551100.0
91,13060100.0,23995700.0,15163900.0
92,15083200.0,28431100.0,14736200.0
93,13235300.0,24773000.0,15147300.0
94,12770200.0,24581300.0,17307000.0
95,12563200.0,20069500.0,27398600.0
96,10719300.0,21627600.0,15248000.0
97,12476800.0,24837600.0,16435600.0
98,11392100.0,19391400.0,16645300.0
99,14563500.0,19706500.0,17090500.0
100,15546000.0,20834100.0,17299900.0
101,14015100.0,21815600.0,18391000.0
102,10609800.0,23567900.0,15532600.0
103,11031500.0,20750600.0,15561400.0
104,10877200.0,22409300.0,15411400.0
105,10766700.0,19610200.0,16740100.0
106,10453800.0,22753800.0,16845600.0
107,12427000.0,18802200.0,21566100.0
108,14822500.0,20899200.0,18251200.0
109,11006100.0,19333800.0,16149900.0
110,10641900.0,19090200.0,16087500.0
111,10329400.0,23302800.0,15398600.0
112,11102600.0,20045600.0,17585800.0
113,10267500.0,20979700.0,32168900.0
114,10243500.0,20697900.0,14231600.0
115,9094700.0,21556000.0,10438300.0
116,8597200.0,29068400.0,10200800.0
117,10455700.0,21458300.0,13216600.0
118,10750300.0,21598300.0,16730900.0
119,8477400.0,19812600.0,21994800.0
120,8465500.0,20277000.0,18761600.0
121,8833200.0,25167600.0,14862200.0
122,8438400.0,24346800.0,15612100.0
123,10640600.0,21927600.0,16333800.0
124,10782700.0,20117800.0,15140100.0
125,10590100.0,21448900.0,22404700.0
126,11340800.0,20402400.0,17411200.0
127,10827300.0,19746900.0,15275600.0
128,13532300.0,21820200.0,15485600.0
129,11130900.0,20700400.0,16028900.0
130,9062600.0,31438200.0,16001200.0
131,10217400.0,20347300.0,21416000.0
132,8666500.0,20314400.0,17735600.0
133,12172200.0,22091600.0,15418600.0
134,8962300.0,27759300.0,15176100.0
135,8804500.0,20007500.0,16077100.0
136,10478500.0,18971000.0,15251900.0
137,11313900.0,18476600.0,24172500.0
138,14959100.0,16905600.0,14855300.0
139,10034000.0,20129800.0,14853500.0
140,8352600.0,24268500.0,15435700.0
141,9237500.0,16997600.0,15346900.0
142,10430500.0,17130700.0,15387300.0
143,10627900.0,17728000.0,15592700.0
144,10587000.0,17582500.0,17671700.0
145,11554800.0,22323900.0,16021900.0
146,9744000.0,17559500.0,15101900.0
147,12655000.0,17903200.0,16288400.0
148,15520200.0,17815100.0,16242500.0
149,10543700.0,17896300.0,15691000.0
150,10568700.0,17765300.0,19896500.0
151,10298900.0,21340100.0,14663300.0
152,10786500.0,17567600.0,15805700.0
153,10933500.0,17292100.0,16142700.0
154,10277000.0,18118200.0,16282600.0
155,9093300.0,18841800.0,15628700.0
156,10517000.0,23032600.0,18409500.0
157,13272800.0,17427800.0,15168400.0
158,12400300.0,21065000.0,16254100.0
159,10449800.0,20515200.0,16088700.0
160,10750100.0,21433200.0,16154800.0
161,10493900.0,27896900.0,15243800.0
162,10803500.0,22917500.0,15295500.0
163,10777300.0,25657100.0,18656100.0
164,10974400.0,24744200.0,15114500.0
165,13196700.0,29994800.0,15411500.0
166,16454800.0,21799100.0,15892000.0
167,146820500.0,19409900.0,14291500.0
168,314123200.0,21000700.0,15596100.0
169,36285300.0,19551900.0,15371800.0
170,17813000.0,23617200.0,16101500.0
171,14391100.0,20020700.0,16186100.0
172,38431400.0,20715400.0,14874600.0
173,12981700.0,21278100.0,16406100.0
174,12486800.0,24160500.0,15656600.0
175,40676100.0,18828400.0,18328900.0
176,12764800.0,20307400.0,18111100.0
177,12673200.0,20167400.0,16001400.0
178,12812300.0,19756300.0,15516700.0
179,36274100.0,25815200.0,15276800.0
180,13144400.0,18324600.0,16260900.0
181,13255200.0,19379500.0,15594900.0
182,12458700.0,19148800.0,17428700.0
183,38675700.0,20548300.0,25710900.0
184,12273800.0,22464500.0,22209000.0
185,15769900.0,19255300.0,21204400.0
186,242972500.0,19710900.0,18329100.0
187,14449000.0,20243300.0,23526800.0
188,15869100.0,19467300.0,15511700.0
189,39745600.0,24394100.0,15741300.0
190,14892000.0,19331300.0,15448100.0
191,13341800.0,20090000.0,63959200.0
192,13297200.0,20535900.0,15281600.0
193,51853700.0,19346800.0,16470400.0
194,13327600.0,22633000.0,17384300.0
195,107893500.0,21192300.0,16643400.0
196,13496000.0,19977400.0,16779200.0
197,13373500.0,20250400.0,16295500.0
198,12429600.0,19497500.0,14878100.0
199,13139100.0,26079500.0,15628900.0
200,14081600.0,21572900.0,15344600.0
201,18405700.0,18917200.0,61166500.0
202,14094300.0,21315900.0,15815700.0
203,11050300.0,21790800.0,15258800.0
204,10691900.0,26489400.0,15313300.0
205,10522900.0,23680200.0,15805800.0
206,10530100.0,23106000.0,17653500.0
207,10858200.0,21008500.0,14730300.0
208,8407000.0,24811300.0,15499800.0
209,8906500.0,20322900.0,15807600.0
210,17022200.0,20082300.0,14651600.0
211,10603200.0,19297900.0,16847900.0
212,8498300.0,22139400.0,18228100.0
213,8178200.0,25552000.0,18344500.0
214,8953700.0,19200700.0,15785800.0
215,10351900.0,19748900.0,15753300.0
216,10768800.0,19448100.0,15839900.0
217,8225200.0,20288500.0,16127800.0
218,10964800.0,26216200.0,15717700.0
219,10773500.0,20639000.0,22957800.0
220,15493400.0,19299800.0,20377300.0
221,10569200.0,20029000.0,16005500.0
222,10765400.0,19596800.0,15880300.0
223,9809900.0,21720000.0,14914300.0
224,11298200.0,17904900.0,23487500.0
225,10436300.0,18392400.0,17684500.0
226,10710900.0,19050600.0,17247500.0
227,10501400.0,21522900.0,16791900.0
228,10903700.0,22400200.0,16192700.0
229,16324700.0,17477500.0,59412500.0
230,11201400.0,19519000.0,15552400.0
231,10535100.0,18144000.0,16749800.0
232,10826800.0,16731100.0,15486700.0
233,10748100.0,18508900.0,15426900.0
234,10671300.0,25919700.0,19593300.0
235,10831100.0,22029600.0,14785300.0
236,10296700.0,21698900.0,15243600.0
237,10723500.0,22207000.0,15352100.0
238,8691500.0,25286800.0,16641300.0
239,15035700.0,18731800.0,16640900.0
240,10517000.0,17783500.0,18988400.0
241,8661400.0,17199200.0,15594300.0
242,8336300.0,17511000.0,15389200.0
243,8284400.0,23072500.0,16403100.0
244,8824900.0,17864800.0,15246900.0
245,10636900.0,18091900.0,15243700.0
246,8454900.0,18426100.0,23183000.0
247,8484400.0,19914300.0,18161600.0
248,10806400.0,19050300.0,14640900.0
249,11284400.0,22492100.0,15363400.0
250,7965900.0,17268700.0,15759700.0
251,8360200.0,17796700.0,16665500.0
252,8822800.0,17492900.0,23181500.0
253,8405900.0,20311100.0,17857900.0
254,8756800.0,26856600.0,18206300.0
255,8394100.0,18832900.0,16119200.0
256,8618600.0,17641300.0,17357400.0
257,10516600.0,19953100.0,16255400.0
258,8515000.0,17956500.0,16516600.0
259,8418200.0,29512100.0,15530100.0
260,8814700.0,22048400.0,14646000.0
261,19053300.0,19785400.0,14217500.0
262,11314400.0,19407300.0,14941200.0
263,10279400.0,20287200.0,15054900.0
264,10591600.0,23879200.0,17023400.0
265,10891500.0,20180400.0,17795400.0
266,10381300.0,18541000.0,15649800.0
267,10877900.0,18607900.0,15722200.0
268,11218600.0,20333400.0,15421600.0
269,12325100.0,27205000.0,16159900.0
270,10403300.0,17889900.0,17441500.0
271,10873200.0,18954000.0,17544700.0
272,10659500.0,18128700.0,15565800.0
273,10495700.0,29030800.0,15776300.0
274,10581800.0,23315900.0,15383800.0
275,10755800.0,24162400.0,16149900.0
276,8497100.0,24267700.0,16201100.0
277,10806900.0,22798700.0,20079900.0
278,12787400.0,21386000.0,15782500.0
279,12588900.0,18565400.0,16387700.0
280,8717500.0,18547900.0,16104500.0
281,10475600.0,19747500.0,16918600.0
282,10556800.0,20392000.0,16404000.0
283,10627800.0,22476600.0,20889300.0
284,9163300.0,18231900.0,18037400.0
285,10281000.0,18129900.0,14764900.0
286,8507100.0,17970200.0,15278300.0
287,10687400.0,19998100.0,16073600.0
288,8636300.0,22979500.0,15890200.0
289,10541800.0,18895700.0,15796100.0
290,8531200.0,18508300.0,18744400.0
291,10593600.0,17067100.0,15903300.0
292,8312100.0,17814100.0,16668500.0
293,8773200.0,23113500.0,15863500.0
294,8719800.0,19519000.0,16316300.0
295,8241400.0,19326800.0,16836200.0
296,8882000.0,16996900.0,22820800.0
297,10644400.0,18184700.0,14650800.0
298,8223500.0,19736700.0,15366200.0
299,10781300.0,26177700.0,15906800.0
300,13049500.0,18754000.0,17823900.0
301,10679200.0,16604100.0,16017300.0
302,10825600.0,18017100.0,18673800.0
303,10227900.0,20302000.0,14986500.0
304,8773500.0,23191100.0,14903800.0
305,11750300.0,19257900.0,16214900.0
306,10307500.0,17744600.0,16697800.0
307,9574100.0,16941100.0,17063200.0
308,8582700.0,20176900.0,15765000.0
309,11081200.0,24933300.0,16838300.0
310,14772700.0,17760900.0,16068600.0
311,10708500.0,18318600.0,17739400.0
312,8169700.0,17563900.0,17373800.0
313,8623200.0,17811800.0,17043200.0
314,8883900.0,23514000.0,17498600.0
315,10394400.0,18530900.0,15360200.0
316,8674800.0,17416400.0,14933000.0
317,10888600.0,18639600.0,15734000.0
318,13021900.0,20834400.0,15792600.0
319,10494200.0,19158500.0,18246400.0
320,16871200.0,22271300.0,18958400.0
321,8289900.0,18781300.0,15889100.0
322,8775300.0,17918500.0,15287800.0
323,8434400.0,17676800.0,16188300.0
324,10910600.0,17705100.0,18558700.0
325,10170300.0,24071900.0,17453800.0
326,10739900.0,18627800.0,18559100.0
327,8910500.0,18221500.0,15907400.0
328,10702000.0,18115700.0,15373900.0
329,13368800.0,17478000.0,15948600.0
330,10070200.0,24505100.0,16085700.0
331,8377300.0,17804000.0,16200300.0
332,8882100.0,19287000.0,17518700.0
333,10217500.0,17744100.0,16361000.0
334,8705000.0,17990300.0,16465800.0
335,8419200.0,19682500.0,14957100.0
336,10706200.0,24908700.0,17140100.0
337,9194200.0,17857800.0,17139600.0
338,12001900.0,17563400.0,18035800.0
339,8561300.0,17858000.0,18397000.0
340,15175600.0,19289300.0,15967100.0
341,8361000.0,19354000.0,15071600.0
342,8767400.0,18282200.0,16002400.0
343,10648000.0,17901500.0,16041000.0
344,10386600.0,17702700.0,16810700.0
345,8469300.0,17717800.0,15902500.0
346,8917700.0,22864300.0,15490800.0
347,8442800.0,18713400.0,15916400.0
348,8436800.0,17460700.0,16379100.0
349,8147000.0,18433300.0,15330300.0
350,9007200.0,17972100.0,15399500.0
351,13085400.0,18196600.0,19258800.0
352,10578200.0,21816000.0,20214100.0
353,10268000.0,18687300.0,18295800.0
354,8714700.0,17621500.0,17418400.0
355,8588100.0,22425200.0,16000700.0
356,8345300.0,17674400.0,16802700.0
357,8612000.0,25872700.0,16597300.0
358,8677900.0,17983600.0,16957200.0
359,8424100.0,18251300.0,18080600.0
360,8527300.0,18276400.0,15473300.0
361,8351600.0,20086400.0,39608100.0
362,12878600.0,26683000.0,15714800.0
363,8453200.0,18182900.0,11623700.0
364,8704100.0,18473100.0,10501800.0
365,8703500.0,18744300.0,11209000.0
366,10841300.0,21261300.0,11776100.0
367,10707500.0,22380000.0,16346300.0
368,10220300.0,18800100.0,28004600.0
369,8681800.0,17599000.0,16752900.0
370,12322400.0,18426800.0,11190800.0
371,9265700.0,18857600.0,10929000.0
372,12331200.0,23918800.0,11110200.0
373,9580600.0,17031000.0,10503400.0
374,10190500.0,18154700.0,15750700.0
375,10311200.0,17725600.0,16727500.0
376,8822100.0,18829200.0,15676500.0
377,10544400.0,20942600.0,16339200.0
378,8338400.0,24260900.0,15489200.0
379,8587000.0,21285300.0,15127800.0
380,8389300.0,22597000.0,16153800.0
381,8560700.0,16878600.0,17420300.0
382,14242900.0,16885100.0,16339600.0
383,9233700.0,19979300.0,17893700.0
384,8790200.0,17737800.0,15571600.0
385,8298200.0,17343600.0,16351000.0
386,8431000.0,23706100.0,15979200.0
387,8657000.0,17960300.0,15463300.0
388,11156400.0,25026300.0,15531600.0
389,10312800.0,18497000.0,15591500.0
390,8502300.0,17858500.0,15385200.0
391,12099900.0,20282200.0,14942800.0
392,9171900.0,19426900.0,36374600.0
393,15878200.0,27625500.0,16224600.0
394,9785200.0,18954200.0,17341100.0
395,10998600.0,19904200.0,15949000.0
396,10399300.0,18600400.0,15236300.0
397,11043400.0,19736600.0,14901000.0
398,11323600.0,25901900.0,14919400.0
399,9751200.0,17899400.0,14882200.0
400,11259900.0,17800200.0,14912000.0
401,10050300.0,26402000.0,18283700.0
402,10861000.0,19689100.0,11448500.0
403,10515700.0,24762000.0,11688800.0
404,10995900.0,18538100.0,11136200.0
405,10313900.0,17632700.0,12154900.0
406,11227000.0,18562500.0,11819700.0
407,9943100.0,19213300.0,12300600.0
408,11073900.0,21876400.0,10925200.0
409,10652600.0,17501100.0,13981600.0
410,12627900.0,18237600.0,9974000.0
411,14263000.0,17178800.0,13015200.0
412,9091900.0,17805700.0,15728700.0
413,8375300.0,25136400.0,14606400.0
414,9294200.0,20850500.0,15297700.0
415,10166800.0,20660300.0,16269100.0
416,10491100.0,18935500.0,18698700.0
417,11272900.0,18064100.0,15762700.0
418,10026500.0,20617500.0,15417900.0
419,8852900.0,18349700.0,16106100.0
420,9180100.0,18484700.0,15943700.0
421,14694200.0,18293300.0,16367800.0
422,10425000.0,18087300.0,19592200.0
423,10334300.0,20529400.0,15736300.0
424,11127700.0,26244000.0,14878000.0
425,10351700.0,16831400.0,16087500.0
426,11556900.0,68840900.0,16099000.0
427,9788600.0,17844100.0,16839000.0
428,10710900.0,17032600.0,22612800.0
429,11557000.0,18930000.0,11711600.0
430,9836200.0,20693400.0,11162500.0
431,12374600.0,26463600.0,12622800.0
432,8910500.0,20783800.0,16715300.0
433,11043300.0,20086700.0,14305500.0
434,10239800.0,20187800.0,15855800.0
435,11150000.0,19265800.0,23098200.0
436,10113500.0,22188000.0,12115500.0
437,10844500.0,17291100.0,11576300.0
438,11034800.0,18686700.0,12095300.0
439,10797000.0,18103800.0,11616400.0
440,16466400.0,17530200.0,10503400.0
441,10686500.0,18978600.0,13410300.0
442,10724100.0,20198300.0,15124100.0
443,10539000.0,17901300.0,17888900.0
444,10850500.0,17006500.0,15703100.0
445,10374800.0,18343800.0,15023500.0
446,8826700.0,17293100.0,15538100.0
447,10732400.0,25488900.0,15152500.0
448,10478500.0,17926600.0,16154800.0
449,8655500.0,17387900.0,20018700.0
450,10713900.0,19677100.0,15714100.0
451,8228700.0,16484700.0,16142400.0
452,8543900.0,19485700.0,15474200.0
453,8671500.0,18560900.0,15715800.0
454,10687600.0,18393500.0,15066100.0
455,10499900.0,18471800.0,14411800.0
456,12988200.0,17806900.0,14749900.0
457,10757100.0,20598100.0,14868800.0
458,12685600.0,23348000.0,15082200.0
459,17064300.0,19666600.0,16382900.0
460,11378400.0,17328500.0,16935200.0
461,9668300.0,19102800.0,15512700.0
462,10894400.0,18638500.0,19669100.0
463,11435900.0,24469300.0,14997600.0
464,12025600.0,19671900.0,15482400.0
465,10850200.0,19085900.0,16389800.0
466,11098900.0,18243600.0,15710300.0
467,10059000.0,17723600.0,16478000.0
468,15886400.0,27660000.0,23783500.0
469,9811800.0,18800900.0,12227500.0
470,10982800.0,19896400.0,11864700.0
471,10341200.0,18606700.0,11698200.0
472,13182000.0,17894400.0,10946800.0
473,10389900.0,16611600.0,11722900.0
474,10601100.0,26063100.0,11120200.0
475,11029900.0,20532100.0,11698900.0
476,13133700.0,19629500.0,12818000.0
477,12846100.0,18288100.0,14821400.0
478,12452000.0,19466700.0,12613200.0
479,12602700.0,21891200.0,12685800.0
480,12446400.0,19105700.0,11891400.0
481,13007500.0,17497200.0,10606700.0
482,12987600.0,17737400.0,11249000.0
483,12583800.0,18192200.0,19409600.0
484,10863400.0,25741600.0,16390100.0
485,15715700.0,18907500.0,14718600.0
486,9699900.0,18816700.0,14793800.0
487,11094100.0,17623300.0,14893000.0
488,10370000.0,19553200.0,16286000.0
489,10687000.0,21575000.0,15524800.0
490,10989800.0,19671900.0,16633200.0
491,10176400.0,18176600.0,24476500.0
492,10706100.0,19003400.0,16650900.0
493,10424600.0,19686200.0,16633400.0
494,15391600.0,22998700.0,15853500.0
495,10365900.0,24599700.0,14512600.0
496,10604900.0,19290700.0,17258500.0
497,11219500.0,19142500.0,17559900.0
498,10505700.0,20365500.0,15383300.0
499,11108700.0,22164600.0,14989900.0
500,9924100.0,18914400.0,15144400.0
501,10887100.0,18359300.0,16654300.0
502,11558900.0,18181500.0,15410800.0
503,16383100.0,17951200.0,16670100.0
504,10253000.0,26723900.0,15737900.0
505,10988900.0,19096300.0,16227700.0
506,13333100.0,18488900.0,15887100.0
507,9932100.0,18069900.0,16854400.0
508,11615200.0,16899400.0,16567400.0
509,9716700.0,18792400.0,17331800.0
510,10734400.0,23047700.0,15346300.0
511,10455400.0,18713900.0,15374500.0
512,14790300.0,17493400.0,15778200.0
513,10979300.0,19370100.0,14657700.0
514,11217500.0,19986600.0,14760900.0
515,12421700.0,24284900.0,15136800.0
516,10836000.0,18237200.0,15854800.0
517,10288100.0,17828400.0,15247300.0
518,11270300.0,19758000.0,14923800.0
519,10253900.0,17563000.0,14820400.0
520,10293400.0,23029600.0,15706300.0
521,13086300.0,20147300.0,15452900.0
522,10879000.0,16914600.0,17066200.0
523,11456800.0,17244900.0,17540200.0
524,9953600.0,18065500.0,15869200.0
525,10493200.0,28630300.0,14763100.0
526,11263700.0,17834400.0,16217000.0
527,12942600.0,20025500.0,15134100.0
528,11909100.0,17276900.0,14746900.0
529,12124600.0,18832000.0,15733000.0
530,16050500.0,23571200.0,15653100.0
531,10432000.0,17418000.0,15300200.0
532,10810600.0,18118400.0,14781000.0
533,10396300.0,19813900.0,14960200.0
534,10652200.0,17863300.0,15619900.0
535,10791500.0,21189900.0,15344800.0
536,10643700.0,21875600.0,17075500.0
537,10905500.0,19053700.0,15354200.0
538,10441500.0,17583200.0,16661300.0
539,12689300.0,18932200.0,15649300.0
540,11057700.0,17323200.0,15201100.0
541,10786200.0,24609100.0,15515200.0
542,10600100.0,17598700.0,16594300.0
543,10439300.0,17335100.0,15838000.0
544,10570100.0,17276900.0,15461700.0
545,11515300.0,18060900.0,14489500.0
546,12726600.0,22769700.0,15014800.0
547,12549800.0,19399100.0,14581000.0
548,14521900.0,18536600.0,17030900.0
549,12655400.0,17529200.0,21016900.0
550,11560600.0,17936400.0,15434500.0
551,12087000.0,20276400.0,15973300.0
552,12841700.0,22262100.0,16151300.0
553,13292800.0,18597300.0,15287800.0
554,13012000.0,18078400.0,15960700.0
555,12666800.0,18483400.0,16211100.0
556,14957900.0,19081200.0,16781300.0
557,12170200.0,24340000.0,18073100.0
558,10684300.0,17466400.0,15195500.0
559,10743000.0,18454200.0,15815200.0
560,11100300.0,19320800.0,16036000.0
561,10263200.0,19904800.0,16689000.0
562,10990600.0,24671500.0,16234500.0
563,10199500.0,21652400.0,16017300.0
564,11788900.0,19130700.0,16114700.0
565,16120100.0,19725300.0,15752300.0
566,11026500.0,19052600.0,16150000.0
567,11228700.0,30337800.0,16802600.0
568,9717900.0,21699800.0,23542500.0
569,10537100.0,18116600.0,14683700.0
570,10763400.0,18124500.0,15175400.0
571,10943700.0,26802000.0,16295100.0
572,10317600.0,20355500.0,16184200.0
573,10644200.0,17004100.0,15560700.0
574,15219700.0,18139800.0,17929400.0
575,10682900.0,18917600.0,15318400.0
576,13396600.0,19477400.0,16187300.0
577,12209100.0,22815300.0,15625100.0
578,10843900.0,17886600.0,16875600.0
579,11347800.0,19121400.0,15652100.0
580,12074800.0,17491200.0,23784900.0
581,10233000.0,19922000.0,15952400.0
582,10579400.0,27926200.0,16213100.0
583,13574200.0,19334700.0,16416800.0
584,12594600.0,18012900.0,15114100.0
585,10467400.0,18154900.0,15767900.0
586,10493400.0,19432300.0,22589100.0
587,10648000.0,24937200.0,15481200.0
588,10483300.0,19414000.0,15381200.0
589,10686800.0,19509700.0,14816900.0
590,11132600.0,18282600.0,15130500.0
591,10516300.0,20399900.0,15675700.0
592,13163400.0,25790900.0,16792400.0
593,12402600.0,18771200.0,16429300.0
594,10601100.0,19126100.0,16180100.0
595,10509900.0,18827600.0,16612100.0
596,11091900.0,19058000.0,16500200.0
597,10161700.0,29722100.0,17647600.0
598,13136600.0,23075800.0,18586900.0
599,10667900.0,21797200.0,16528900.0
600,10702100.0,21281300.0,15682400.0
601,14261500.0,23709500.0,16388400.0
602,11637400.0,18067500.0,15544900.0
603,10397400.0,19026400.0,17894100.0
604,10544300.0,19094700.0,17689300.0
605,10629500.0,18173700.0,15847800.0
606,11283200.0,27077900.0,15186500.0
607,10301100.0,19191000.0,16152400.0
608,10605200.0,18652400.0,15752900.0
609,10698800.0,19011300.0,15737300.0
610,17486400.0,19097000.0,21396800.0
611,10339800.0,19360000.0,19766400.0
612,10345700.0,20986600.0,14862700.0
613,10888100.0,18587300.0,15831500.0
614,10501700.0,19164800.0,15916300.0
615,14024500.0,18426700.0,15758400.0
616,11691100.0,19670600.0,22521300.0
617,14237700.0,22804300.0,17610300.0
618,18958900.0,17782400.0,15528700.0
619,14125200.0,17806900.0,15652800.0
620,12477000.0,19110400.0,15211700.0
621,12979100.0,21124500.0,15678200.0
622,10708900.0,21829100.0,16128100.0
623,10670700.0,18184400.0,17909900.0
624,10650100.0,18086900.0,16463700.0
625,8168500.0,18654400.0,16939000.0
626,10851400.0,19416500.0,14916900.0
627,10875900.0,26196000.0,15978200.0
628,8158000.0,19728200.0,16038300.0
629,10765400.0,19117200.0,22662100.0
630,11717100.0,19401600.0,15370200.0
631,9656600.0,22237300.0,16284300.0
632,8416500.0,20307700.0,15726100.0
633,8654500.0,17047500.0,15974000.0
634,8434300.0,18266600.0,16146900.0
635,8328700.0,19773500.0,15034200.0
636,13128500.0,17309200.0,15589600.0
637,11131100.0,19757700.0,15662000.0
638,10105500.0,21530500.0,15602200.0
639,11419300.0,17692600.0,16152400.0
640,9677900.0,19310000.0,18706900.0
641,8935600.0,19319300.0,17824600.0
642,10688200.0,20474700.0,16775000.0
643,11164900.0,20130300.0,17585900.0
644,9785500.0,16793500.0,17221800.0
645,8650200.0,17346500.0,16338000.0
646,10513200.0,17587800.0,16532800.0
647,8672500.0,18189200.0,17252700.0
648,11673500.0,16737500.0,15028600.0
649,9794000.0,22365600.0,16025300.0
650,8815800.0,16481900.0,15888200.0
651,10317800.0,17445600.0,15853400.0
652,8681900.0,17522200.0,15490600.0
653,8575300.0,19797100.0,20451000.0
654,8744400.0,20410800.0,20759500.0
655,10440100.0,19874400.0,15937000.0
656,8289300.0,18298400.0,17875400.0
657,11169000.0,17910300.0,15481100.0
658,12790200.0,18749900.0,15731400.0
659,10293100.0,23570600.0,18790000.0
660,10910800.0,18460600.0,15316600.0
661,10700000.0,18255000.0,15614500.0
662,8324800.0,19909800.0,15432400.0
663,8633200.0,21743300.0,16226300.0
664,8682000.0,26238400.0,16203000.0
665,8392600.0,18901100.0,18053100.0
666,8495000.0,18729200.0,19047600.0
667,11484800.0,19322900.0,16770700.0
668,12935000.0,18140400.0,15554200.0
669,9821600.0,24751500.0,16311000.0
670,8413600.0,18729100.0,16519600.0
671,8374000.0,18651600.0,19591100.0
672,8596100.0,20151600.0,16760300.0
673,10590000.0,18868900.0,16229700.0
674,8997000.0,19158800.0,15624600.0
675,10391300.0,23944200.0,16155200.0
676,10650800.0,19843800.0,15229400.0
677,8419200.0,20651500.0,14897900.0
678,9616700.0,19334500.0,15469500.0
679,11730100.0,25731300.0,16211900.0
680,8399600.0,19217300.0,17528500.0
681,8998500.0,18787100.0,16454300.0
682,10373500.0,21579000.0,16836000.0
683,9003900.0,18158300.0,17030400.0
684,10193200.0,24215900.0,18679100.0
685,8437100.0,20250700.0,16744400.0
686,8790500.0,19740900.0,16510400.0
687,8609600.0,19549800.0,15896500.0
688,8529700.0,18985200.0,15950400.0
689,10517200.0,17631100.0,38768200.0
690,11365800.0,21713900.0,15288900.0
691,10313700.0,17749100.0,15406000.0
692,10273300.0,18301200.0,15375900.0
693,9082300.0,17686900.0,15528100.0
694,10500900.0,20198800.0,15570300.0
695,10881700.0,25160000.0,19957500.0
696,16373500.0,19405900.0,14653300.0
697,11116700.0,18334800.0,16002000.0
698,12369700.0,19072800.0,17423600.0
699,17259500.0,21742500.0,16389700.0
700,10524200.0,20896600.0,16974100.0
701,11485600.0,18829800.0,18477500.0
702,11983200.0,18972600.0,20489600.0
703,11044200.0,19055300.0,15625700.0
704,12863200.0,20077500.0,16078500.0
705,10561300.0,24887500.0,15289000.0
706,10518100.0,18078500.0,16979500.0
707,12938700.0,19505900.0,21337000.0
708,12758800.0,19087000.0,17897800.0
709,10474000.0,20955400.0,14864000.0
710,10865500.0,23583000.0,14966000.0
711,8543200.0,29098900.0,15648500.0
712,11002600.0,22167800.0,17468600.0
713,10688600.0,22192200.0,16262900.0
714,10517900.0,24036000.0,17265800.0
715,10338600.0,21291500.0,15198500.0
716,8693200.0,22362900.0,16234100.0
717,14622800.0,21928100.0,15395100.0
718,11213900.0,20232600.0,16423400.0
719,12942800.0,24896000.0,16002500.0
720,10732500.0,23444600.0,23496700.0
721,9973600.0,20237100.0,14443900.0
722,8859400.0,21308700.0,15711800.0
723,10556200.0,19612700.0,16344100.0
724,8982200.0,24606900.0,16206100.0
725,9856100.0,21947100.0,16457100.0
726,8820500.0,21326800.0,23819500.0
727,17485300.0,23617300.0,20638100.0
728,10486600.0,26145600.0,17581200.0
729,8397600.0,23613900.0,15601100.0
730,10839600.0,20280100.0,18059400.0
731,8175200.0,22710300.0,16116600.0
732,10781300.0,19866000.0,15982400.0
733,10913400.0,26174900.0,15131300.0
734,10183900.0,20962000.0,15991300.0
735,10937700.0,21131500.0,16284500.0
736,15651700.0,19933100.0,15793200.0
737,20592700.0,22012100.0,17585800.0
738,8715300.0,19477200.0,19851500.0
739,10446000.0,19408400.0,18469600.0
740,8604500.0,27903300.0,17541100.0
741,8428600.0,19689100.0,16935500.0
742,11286900.0,25718900.0,16025800.0
743,12039300.0,19687500.0,18259600.0
744,10786900.0,19791800.0,16185700.0
745,10683000.0,20302700.0,15923500.0
746,10834100.0,19530000.0,16694300.0
747,8381900.0,22153300.0,16344100.0
748,8623600.0,19774300.0,16690300.0
749,10701800.0,19736100.0,15997100.0
750,10679700.0,20778700.0,18364100.0
751,13075400.0,21857600.0,18715700.0
752,10476700.0,24156800.0,16237600.0
753,8758900.0,19814200.0,16833800.0
754,8273300.0,19219900.0,16768300.0
755,12984800.0,20964400.0,19500400.0
756,8444300.0,22592900.0,15795500.0
757,8275300.0,23707400.0,14719600.0
758,8872400.0,19684800.0,14572000.0
759,8331300.0,19140800.0,14703400.0
760,9367500.0,19935700.0,16578300.0
761,9647200.0,27055400.0,15609700.0
762,8880500.0,19825600.0,16143100.0
763,8445800.0,19170200.0,14960100.0
764,10140600.0,19435100.0,15372000.0
765,9028600.0,20157300.0,15323700.0
766,12741700.0,25045300.0,15797500.0
767,8686200.0,18746100.0,15284100.0
768,10526600.0,20279900.0,24087600.0
769,10865100.0,20023900.0,18367300.0
770,8405900.0,20321900.0,16711200.0
771,8381600.0,31146900.0,15535600.0
772,8969200.0,20815200.0,15899400.0
773,10539400.0,21361800.0,18555500.0
774,8433000.0,21457300.0,16528400.0
775,8571300.0,30712200.0,15906500.0
776,8432100.0,21218500.0,16300000.0
777,12908100.0,19777900.0,15488300.0
778,8411300.0,20848800.0,16537700.0
779,10856900.0,22107300.0,16608600.0
780,10694800.0,22694800.0,22548500.0
781,10367300.0,20583800.0,16842600.0
782,11125300.0,20106400.0,16502700.0
783,10661500.0,20285900.0,15567600.0
784,10835700.0,20109100.0,16469500.0
785,12755900.0,25388500.0,14615600.0
786,10368900.0,21177500.0,21902200.0
787,12837100.0,19860700.0,16711200.0
788,10823400.0,19954900.0,15247100.0
789,10249700.0,21089600.0,15940700.0
790,8576500.0,19705000.0,16726100.0
791,8947800.0,17937800.0,14984500.0
792,10367500.0,18303500.0,19382600.0
793,11427700.0,17974200.0,15713700.0
794,11500000.0,20744700.0,16017600.0
795,9471700.0,23870800.0,16533500.0
796,14669800.0,18470600.0,17654400.0
797,8496000.0,20901500.0,17516200.0
798,8352000.0,18544400.0,21659400.0
799,10846100.0,18264300.0,17687100.0
800,8437800.0,20887200.0,14601300.0
801,8958700.0,17334800.0,14606800.0
802,10617600.0,18397000.0,14331700.0
803,10342900.0,19048300.0,15713400.0
804,11919100.0,20041800.0,14843900.0
805,9333200.0,17531700.0,19535700.0
806,13711800.0,17903800.0,15545100.0
807,9820200.0,23820300.0,16722100.0
808,10819300.0,23925700.0,16296700.0
809,8465200.0,23877100.0,16094000.0
810,8420700.0,29807600.0,16853800.0
811,8490400.0,18433000.0,15039900.0
812,8681100.0,17413800.0,15245500.0
813,8378200.0,19088400.0,14984600.0
814,8668300.0,17265300.0,15224100.0
815,11127500.0,25737300.0,15478500.0
816,17323200.0,18788000.0,15185400.0
817,10076200.0,18158200.0,20433400.0
818,10452700.0,17384100.0,20716100.0
819,8613700.0,18050700.0,17196400.0
820,8350000.0,27251500.0,17388400.0
821,8603600.0,17644900.0,16857200.0
822,8642500.0,18063300.0,16677600.0
823,8587700.0,17910700.0,17597600.0
824,10300000.0,19376900.0,15739700.0
825,11101900.0,22055400.0,15597800.0
826,8547700.0,24244300.0,15917900.0
827,12799200.0,17595600.0,15497600.0
828,10514300.0,17094800.0,17060800.0
829,8220200.0,17073400.0,18413000.0
830,8697800.0,17982500.0,16604200.0
831,8462700.0,24863700.0,15179800.0
832,11335800.0,18579200.0,16366600.0
833,10403800.0,17330200.0,16377000.0
834,10517300.0,17151500.0,16317100.0
835,10740200.0,17325300.0,19129800.0
836,8804800.0,22565500.0,17612800.0
837,15405200.0,17752500.0,16736000.0
838,10681600.0,17656900.0,15658900.0
839,10111400.0,17879300.0,16283000.0
840,8366300.0,17411100.0,16226400.0
841,11060200.0,19947700.0,16607600.0
842,10494200.0,20487800.0,18787900.0
843,10192300.0,18599900.0,15183700.0
844,9218700.0,18036100.0,16141300.0
845,10349200.0,18509700.0,15754500.0
846,11831400.0,21358500.0,17099000.0
847,9560700.0,23321100.0,16011000.0
848,10408800.0,19194300.0,17351300.0
849,10944900.0,18044600.0,16654100.0
850,10664300.0,18148500.0,18438100.0
851,10861800.0,18260600.0,16243700.0
852,11199600.0,22611500.0,16544000.0
853,9644400.0,17140500.0,16680600.0
854,8679500.0,18110700.0,16974100.0
855,11128000.0,18819900.0,16055300.0
856,10127400.0,18041200.0,16136300.0
857,11278200.0,20334400.0,16043500.0
858,12482800.0,29357600.0,16553200.0
859,13172100.0,24290300.0,33540600.0
860,12623500.0,20505800.0,16300600.0
861,13196000.0,21044200.0,12433900.0
862,12020900.0,22865000.0,10759400.0
863,13737400.0,20382400.0,12458600.0
864,15107500.0,19231600.0,17176100.0
865,11771000.0,21188100.0,16149600.0
866,11774400.0,23246700.0,17988600.0
867,12576400.0,27117900.0,21088800.0
868,10621700.0,28991600.0,15754800.0
869,10087600.0,19665300.0,15311900.0
870,10556900.0,22214000.0,14763400.0
871,10598200.0,23232500.0,15488300.0
872,10640400.0,19288700.0,20071800.0
873,13964900.0,19481600.0,18833200.0
874,11604700.0,21556600.0,14747300.0
875,10483900.0,19393800.0,14491200.0
876,8744700.0,23080700.0,15659900.0
877,11054400.0,19603000.0,15434600.0
878,11072600.0,18106000.0,24907200.0
879,9793100.0,25149800.0,15518600.0
880,11008700.0,17938200.0,14707400.0
881,12304400.0,24886700.0,14644500.0
882,8750200.0,23458300.0,14194300.0
883,15276400.0,22490800.0,15606500.0
884,11643200.0,23544900.0,15759300.0
885,12105600.0,30673400.0,19499900.0
886,10727500.0,19922300.0,15316300.0
887,9967600.0,19272700.0,16486700.0
888,10927900.0,20908100.0,14941300.0
889,10577400.0,18025700.0,15436500.0
890,11960400.0,24310200.0,17457600.0
891,9120700.0,17612000.0,17378100.0
892,13089900.0,19299500.0,16166200.0
893,11023200.0,20741900.0,17626800.0
894,11436400.0,19083000.0,16646100.0
895,12279600.0,23576000.0,17014700.0
896,10291800.0,18082900.0,17074400.0
897,10419100.0,19050800.0,15744500.0
898,10638600.0,25237200.0,17576000.0
899,11355100.0,18380200.0,16522600.0
900,9822400.0,23230900.0,15827800.0
901,15256300.0,18505300.0,16456200.0
902,10400300.0,18080400.0,17225500.0
903,11185200.0,17974500.0,17749800.0
904,10786100.0,17430700.0,15870300.0
905,10380300.0,27150200.0,16880000.0
906,11903700.0,18843200.0,16062400.0
907,9494500.0,19567300.0,16530500.0
908,10608000.0,17592300.0,18469100.0
909,13184100.0,17867200.0,17256600.0
910,18967100.0,23736600.0,21275600.0
911,9974600.0,19248400.0,19911500.0
912,10855600.0,17610800.0,17982800.0
913,10814200.0,18809900.0,19748000.0
914,10447400.0,19084200.0,21186700.0
915,10859600.0,20136800.0,16795900.0
916,11092400.0,24908700.0,16912600.0
917,12737000.0,18146000.0,18320900.0
918,14837700.0,19087900.0,17760100.0
919,10397200.0,17896000.0,17126600.0
920,10879300.0,18797500.0,18427300.0
921,10657000.0,22826500.0,17843800.0
922,11371800.0,18924100.0,15400500.0
923,9965000.0,19733500.0,15575900.0
924,12738900.0,18332800.0,14821400.0
925,10571900.0,18163700.0,15315800.0
926,10615500.0,24502400.0,21215300.0
927,14070900.0,17845500.0,22819600.0
928,11725100.0,18923300.0,21660100.0
929,13275600.0,17797300.0,20099000.0
930,12303300.0,29594000.0,21444800.0
931,12766900.0,24588100.0,20680000.0
932,12771000.0,18239600.0,15827000.0
933,12796900.0,18463200.0,15952800.0
934,13020300.0,17774400.0,16426800.0
935,15917300.0,17847400.0,15139600.0
936,9606800.0,24969500.0,14870000.0
937,10238600.0,18341100.0,26515900.0
938,10838300.0,21191700.0,13131700.0
939,10948400.0,19092500.0,10280700.0
940,10630400.0,18119300.0,10902500.0
941,10589300.0,18117100.0,12573800.0
942,10787000.0,18436300.0,12604900.0
943,13002600.0,19107000.0,12475100.0
944,14891900.0,17818600.0,13313000.0
945,10264900.0,17486100.0,18799200.0
946,10666700.0,19153500.0,12143600.0
947,11012100.0,26554300.0,10861000.0
948,10290300.0,17945200.0,10046500.0
949,10844100.0,17983400.0,12557600.0
950,10913500.0,17548600.0,16891000.0
951,10426100.0,18912900.0,16609300.0
952,12532900.0,22241000.0,16308100.0
953,14473900.0,18147600.0,16349900.0
954,9360600.0,17745500.0,16178800.0
955,10706900.0,18395900.0,16174300.0
956,10758100.0,20350100.0,16232800.0
957,10558700.0,24520300.0,15684200.0
958,11077800.0,18988900.0,21141500.0
959,10580300.0,19009100.0,12671000.0
960,10445300.0,17873000.0,11133400.0
961,12262900.0,17889000.0,10672600.0
962,17152100.0,21335600.0,10976600.0
963,11401500.0,17648300.0,16060500.0
964,10145700.0,18140000.0,16283100.0
965,11106600.0,19209400.0,15917700.0
966,10084800.0,17989600.0,16766700.0
967,10527600.0,20139200.0,10304000.0
968,10922500.0,24036700.0,11463900.0
969,10848200.0,18579600.0,12642300.0
970,12594200.0,20118200.0,11315800.0
971,15805900.0,17402200.0,10777700.0
972,10785600.0,19407000.0,13907100.0
973,12320400.0,22006700.0,13681700.0
974,10181800.0,18377800.0,19448200.0
975,10931500.0,18223600.0,11282400.0
976,10762600.0,19753200.0,12542600.0
977,11348200.0,20390000.0,11492800.0
978,12191500.0,25258500.0,11221400.0
979,12581200.0,19855100.0,10564100.0
980,12694700.0,20328200.0,10988400.0
981,10585900.0,18133200.0,12563700.0
982,10685000.0,18068700.0,14655600.0
983,13019600.0,24457300.0,16313800.0
984,10615300.0,18555900.0,15276600.0
985,10765700.0,17952200.0,15489400.0
986,10897800.0,17571200.0,15544800.0
987,10311600.0,22472800.0,16129300.0
988,11225900.0,24678600.0,21411200.0
989,12034400.0,17599000.0,12229700.0
990,8504700.0,18407800.0,10958700.0
991,10963600.0,19383000.0,12164100.0
992,11302500.0,20371600.0,11099900.0
993,10089500.0,24721600.0,10452000.0
994,11355700.0,20546300.0,14405800.0
995,9732800.0,20636100.0,16073200.0
996,10852400.0,19463500.0,17390200.0
997,12059000.0,18316400.0,16288200.0
998,17629200.0,23354400.0,16584100.0
999,13846000.0,17497500.0,18261000.0
